Timestamp,Raw_Sensor_Value,Voltage (V),Leakage Probability (%),Leakage Status
3/13/2025 10:00,0,0,2,Normal
3/13/2025 10:00,4,0,2,Normal
3/13/2025 10:00,8,0.01,1,Normal
3/13/2025 10:00,12,0.01,1,Normal
3/13/2025 10:00,16,0.01,0,Normal
3/13/2025 10:00,20,0.02,0,Normal
3/13/2025 10:01,24,0.02,1,Normal
3/13/2025 10:01,28,0.02,3,Normal
3/13/2025 10:01,32,0.03,1,Normal
3/13/2025 10:01,36,0.03,3,Normal
3/13/2025 10:01,40,0.03,3,Normal
3/13/2025 10:01,44,0.04,4,Normal
3/13/2025 10:02,48,0.04,2,Normal
3/13/2025 10:02,52,0.04,2,Normal
3/13/2025 10:02,56,0.05,0,Normal
3/13/2025 10:02,60,0.05,1,Normal
3/13/2025 10:02,64,0.05,2,Normal
3/13/2025 10:02,68,0.05,3,Normal
3/13/2025 10:03,72,0.06,4,Normal
3/13/2025 10:03,76,0.06,4,Normal
3/13/2025 10:03,80,0.06,4,Normal
3/13/2025 10:03,84,0.07,4,Normal
3/13/2025 10:03,88,0.07,1,Normal
3/13/2025 10:03,92,0.07,4,Normal
3/13/2025 10:04,96,0.08,2,Normal
3/13/2025 10:04,100,0.08,1,Normal
3/13/2025 10:04,104,0.08,4,Normal
3/13/2025 10:04,108,0.09,0,Normal
3/13/2025 10:04,112,0.09,2,Normal
3/13/2025 10:04,116,0.09,3,Normal
3/13/2025 10:05,120,0.1,0,Normal
3/13/2025 10:05,124,0.1,1,Normal
3/13/2025 10:05,128,0.1,2,Normal
3/13/2025 10:05,132,0.11,3,Normal
3/13/2025 10:05,136,0.11,3,Normal
3/13/2025 10:05,141,0.11,3,Normal
3/13/2025 10:06,145,0.12,3,Normal
3/13/2025 10:06,149,0.12,3,Normal
3/13/2025 10:06,153,0.12,3,Normal
3/13/2025 10:06,157,0.13,3,Normal
3/13/2025 10:06,161,0.13,2,Normal
3/13/2025 10:06,165,0.13,4,Normal
3/13/2025 10:07,169,0.14,4,Normal
3/13/2025 10:07,173,0.14,0,Normal
3/13/2025 10:07,177,0.14,1,Normal
3/13/2025 10:07,181,0.15,0,Normal
3/13/2025 10:07,185,0.15,1,Normal
3/13/2025 10:07,189,0.15,3,Normal
3/13/2025 10:08,193,0.16,4,Normal
3/13/2025 10:08,197,0.16,2,Normal
3/13/2025 10:08,201,0.16,8,Normal
3/13/2025 10:08,205,0.17,7,Normal
3/13/2025 10:08,209,0.17,5,Normal
3/13/2025 10:08,213,0.17,6,Normal
3/13/2025 10:09,217,0.17,9,Normal
3/13/2025 10:09,221,0.18,3,Normal
3/13/2025 10:09,225,0.18,6,Normal
3/13/2025 10:09,229,0.18,3,Normal
3/13/2025 10:09,233,0.19,9,Normal
3/13/2025 10:09,237,0.19,8,Normal
3/13/2025 10:10,241,0.19,9,Normal
3/13/2025 10:10,245,0.2,10,Normal
3/13/2025 10:10,249,0.2,9,Normal
3/13/2025 10:10,253,0.2,8,Normal
3/13/2025 10:10,257,0.21,5,Normal
3/13/2025 10:10,261,0.21,8,Normal
3/13/2025 10:11,265,0.21,6,Normal
3/13/2025 10:11,269,0.22,7,Normal
3/13/2025 10:11,273,0.22,5,Normal
3/13/2025 10:11,278,0.22,9,Normal
3/13/2025 10:11,282,0.23,9,Normal
3/13/2025 10:11,286,0.23,10,Normal
3/13/2025 10:12,290,0.23,3,Normal
3/13/2025 10:12,294,0.24,4,Normal
3/13/2025 10:12,298,0.24,4,Normal
3/13/2025 10:12,302,0.24,3,Normal
3/13/2025 10:12,306,0.25,10,Normal
3/13/2025 10:12,310,0.25,4,Normal
3/13/2025 10:13,314,0.25,8,Normal
3/13/2025 10:13,318,0.26,5,Normal
3/13/2025 10:13,322,0.26,8,Normal
3/13/2025 10:13,326,0.26,4,Normal
3/13/2025 10:13,330,0.27,6,Normal
3/13/2025 10:13,334,0.27,3,Normal
3/13/2025 10:14,338,0.27,9,Normal
3/13/2025 10:14,342,0.28,7,Normal
3/13/2025 10:14,346,0.28,10,Normal
3/13/2025 10:14,350,0.28,10,Normal
3/13/2025 10:14,354,0.29,9,Normal
3/13/2025 10:14,358,0.29,9,Normal
3/13/2025 10:15,362,0.29,7,Normal
3/13/2025 10:15,366,0.29,3,Normal
3/13/2025 10:15,370,0.3,4,Normal
3/13/2025 10:15,374,0.3,10,Normal
3/13/2025 10:15,378,0.3,8,Normal
3/13/2025 10:15,382,0.31,7,Normal
3/13/2025 10:16,386,0.31,4,Normal
3/13/2025 10:16,390,0.31,4,Normal
3/13/2025 10:16,394,0.32,6,Normal
3/13/2025 10:16,398,0.32,5,Normal
3/13/2025 10:16,402,0.32,15,Normal
3/13/2025 10:16,406,0.33,18,Normal
3/13/2025 10:17,410,0.33,18,Normal
3/13/2025 10:17,414,0.33,15,Normal
3/13/2025 10:17,419,0.34,10,Normal
3/13/2025 10:17,423,0.34,16,Normal
3/13/2025 10:17,427,0.34,13,Normal
3/13/2025 10:17,431,0.35,17,Normal
3/13/2025 10:18,435,0.35,14,Normal
3/13/2025 10:18,439,0.35,10,Normal
3/13/2025 10:18,443,0.36,14,Normal
3/13/2025 10:18,447,0.36,17,Normal
3/13/2025 10:18,451,0.36,20,Normal
3/13/2025 10:18,455,0.37,10,Normal
3/13/2025 10:19,459,0.37,20,Normal
3/13/2025 10:19,463,0.37,11,Normal
3/13/2025 10:19,467,0.38,15,Normal
3/13/2025 10:19,471,0.38,22,Normal
3/13/2025 10:19,475,0.38,14,Normal
3/13/2025 10:19,479,0.39,16,Normal
3/13/2025 10:20,483,0.39,13,Normal
3/13/2025 10:20,487,0.39,10,Normal
3/13/2025 10:20,491,0.4,22,Normal
3/13/2025 10:20,495,0.4,17,Normal
3/13/2025 10:20,499,0.4,18,Normal
3/13/2025 10:20,503,0.41,41,Normal
3/13/2025 10:21,507,0.41,34,Normal
3/13/2025 10:21,511,0.41,31,Normal
3/13/2025 10:21,515,0.42,33,Normal
3/13/2025 10:21,519,0.42,31,Normal
3/13/2025 10:21,523,0.42,41,Normal
3/13/2025 10:21,527,0.42,37,Normal
3/13/2025 10:22,531,0.43,22,Normal
3/13/2025 10:22,535,0.43,27,Normal
3/13/2025 10:22,539,0.43,42,Normal
3/13/2025 10:22,543,0.44,39,Normal
3/13/2025 10:22,547,0.44,29,Normal
3/13/2025 10:22,551,0.44,37,Normal
3/13/2025 10:23,556,0.45,38,Normal
3/13/2025 10:23,560,0.45,36,Normal
3/13/2025 10:23,564,0.45,25,Normal
3/13/2025 10:23,568,0.46,23,Normal
3/13/2025 10:23,572,0.46,21,Normal
3/13/2025 10:23,576,0.46,23,Normal
3/13/2025 10:24,580,0.47,24,Normal
3/13/2025 10:24,584,0.47,40,Normal
3/13/2025 10:24,588,0.47,32,Normal
3/13/2025 10:24,592,0.48,31,Normal
3/13/2025 10:24,596,0.48,39,Normal
3/13/2025 10:24,600,0.48,49,Normal
3/13/2025 10:25,604,0.49,46,Normal
3/13/2025 10:25,608,0.49,43,Normal
3/13/2025 10:25,612,0.49,49,Normal
3/13/2025 10:25,616,0.5,41,Normal
3/13/2025 10:25,620,0.5,40,Normal
3/13/2025 10:25,624,0.5,45,Normal
3/13/2025 10:26,628,0.51,38,Normal
3/13/2025 10:26,632,0.51,46,Normal
3/13/2025 10:26,636,0.51,39,Normal
3/13/2025 10:26,640,0.52,41,Normal
3/13/2025 10:26,644,0.52,37,Normal
3/13/2025 10:26,648,0.52,54,Caution
3/13/2025 10:27,652,0.53,51,Caution
3/13/2025 10:27,656,0.53,43,Normal
3/13/2025 10:27,660,0.53,47,Normal
3/13/2025 10:27,664,0.54,51,Caution
3/13/2025 10:27,668,0.54,47,Normal
3/13/2025 10:27,672,0.54,43,Normal
3/13/2025 10:28,676,0.54,44,Normal
3/13/2025 10:28,680,0.55,50,Caution
3/13/2025 10:28,684,0.55,39,Normal
3/13/2025 10:28,688,0.55,38,Normal
3/13/2025 10:28,692,0.56,38,Normal
3/13/2025 10:28,697,0.56,54,Caution
3/13/2025 10:29,701,0.56,70,Caution
3/13/2025 10:29,705,0.57,53,Caution
3/13/2025 10:29,709,0.57,50,Caution
3/13/2025 10:29,713,0.57,62,Caution
3/13/2025 10:29,717,0.58,60,Caution
3/13/2025 10:29,721,0.58,58,Caution
3/13/2025 10:30,725,0.58,59,Caution
3/13/2025 10:30,729,0.59,63,Caution
3/13/2025 10:30,733,0.59,60,Caution
3/13/2025 10:30,737,0.59,61,Caution
3/13/2025 10:30,741,0.6,53,Caution
3/13/2025 10:30,745,0.6,64,Caution
3/13/2025 10:31,749,0.6,66,Caution
3/13/2025 10:31,753,0.61,69,Caution
3/13/2025 10:31,757,0.61,65,Caution
3/13/2025 10:31,761,0.61,66,Caution
3/13/2025 10:31,765,0.62,54,Caution
3/13/2025 10:31,769,0.62,64,Caution
3/13/2025 10:32,773,0.62,62,Caution
3/13/2025 10:32,777,0.63,64,Caution
3/13/2025 10:32,781,0.63,52,Caution
3/13/2025 10:32,785,0.63,51,Caution
3/13/2025 10:32,789,0.64,62,Caution
3/13/2025 10:32,793,0.64,54,Caution
3/13/2025 10:33,797,0.64,53,Caution
3/13/2025 10:33,801,0.65,81,Warning
3/13/2025 10:33,805,0.65,80,Warning
3/13/2025 10:33,809,0.65,85,Warning
3/13/2025 10:33,813,0.66,81,Warning
3/13/2025 10:33,817,0.66,76,Caution
3/13/2025 10:34,821,0.66,78,Caution
3/13/2025 10:34,825,0.66,83,Warning
3/13/2025 10:34,829,0.67,82,Warning
3/13/2025 10:34,834,0.67,77,Caution
3/13/2025 10:34,838,0.68,81,Warning
3/13/2025 10:34,842,0.68,84,Warning
3/13/2025 10:35,846,0.68,84,Warning
3/13/2025 10:35,850,0.68,80,Warning
3/13/2025 10:35,854,0.69,85,Warning
3/13/2025 10:35,858,0.69,82,Warning
3/13/2025 10:35,862,0.69,83,Warning
3/13/2025 10:35,866,0.7,82,Warning
3/13/2025 10:36,870,0.7,76,Caution
3/13/2025 10:36,874,0.7,77,Caution
3/13/2025 10:36,878,0.71,85,Warning
3/13/2025 10:36,882,0.71,78,Caution
3/13/2025 10:36,886,0.71,81,Warning
3/13/2025 10:36,890,0.72,85,Warning
3/13/2025 10:37,894,0.72,77,Caution
3/13/2025 10:37,898,0.72,75,Caution
3/13/2025 10:37,902,0.73,79,Caution
3/13/2025 10:37,906,0.73,79,Caution
3/13/2025 10:37,910,0.73,85,Warning
3/13/2025 10:37,914,0.74,80,Warning
3/13/2025 10:38,918,0.74,82,Warning
3/13/2025 10:38,922,0.74,84,Warning
3/13/2025 10:38,926,0.75,77,Caution
3/13/2025 10:38,930,0.75,80,Warning
3/13/2025 10:38,934,0.75,78,Caution
3/13/2025 10:38,938,0.76,82,Warning
3/13/2025 10:39,942,0.76,78,Caution
3/13/2025 10:39,946,0.76,84,Warning
3/13/2025 10:39,950,0.77,82,Warning
3/13/2025 10:39,954,0.77,78,Caution
3/13/2025 10:39,958,0.77,81,Warning
3/13/2025 10:39,962,0.78,83,Warning
3/13/2025 10:40,966,0.78,80,Warning
3/13/2025 10:40,970,0.78,78,Caution
3/13/2025 10:40,975,0.79,85,Warning
3/13/2025 10:40,979,0.79,76,Caution
3/13/2025 10:40,983,0.79,76,Caution
3/13/2025 10:40,987,0.8,80,Warning
3/13/2025 10:41,991,0.8,84,Warning
3/13/2025 10:41,995,0.8,85,Warning
3/13/2025 10:41,999,0.81,82,Warning
3/13/2025 10:41,1003,0.81,89,Warning
3/13/2025 10:41,1007,0.81,91,Critical
3/13/2025 10:41,1011,0.81,89,Warning
3/13/2025 10:42,1015,0.82,89,Warning
3/13/2025 10:42,1019,0.82,90,Critical
3/13/2025 10:42,1023,0.82,89,Warning
3/13/2025 10:42,1027,0.83,92,Critical
3/13/2025 10:42,1031,0.83,92,Critical
3/13/2025 10:42,1035,0.83,89,Warning
3/13/2025 10:43,1039,0.84,91,Critical
3/13/2025 10:43,1043,0.84,92,Critical
3/13/2025 10:43,1047,0.84,92,Critical
3/13/2025 10:43,1051,0.85,92,Critical
3/13/2025 10:43,1055,0.85,92,Critical
3/13/2025 10:43,1059,0.85,91,Critical
3/13/2025 10:44,1063,0.86,89,Warning
3/13/2025 10:44,1067,0.86,91,Critical
3/13/2025 10:44,1071,0.86,89,Warning
3/13/2025 10:44,1075,0.87,92,Critical
3/13/2025 10:44,1079,0.87,91,Critical
3/13/2025 10:44,1083,0.87,89,Warning
3/13/2025 10:45,1087,0.88,92,Critical
3/13/2025 10:45,1091,0.88,90,Critical
3/13/2025 10:45,1095,0.88,92,Critical
3/13/2025 10:45,1099,0.89,90,Critical
3/13/2025 10:45,1103,0.89,91,Critical
3/13/2025 10:45,1107,0.89,90,Critical
3/13/2025 10:46,1112,0.9,90,Critical
3/13/2025 10:46,1116,0.9,89,Warning
3/13/2025 10:46,1120,0.9,92,Critical
3/13/2025 10:46,1124,0.91,92,Critical
3/13/2025 10:46,1128,0.91,91,Critical
3/13/2025 10:46,1132,0.91,89,Warning
3/13/2025 10:47,1136,0.92,90,Critical
3/13/2025 10:47,1140,0.92,89,Warning
3/13/2025 10:47,1144,0.92,91,Critical
3/13/2025 10:47,1148,0.93,89,Warning
3/13/2025 10:47,1152,0.93,89,Warning
3/13/2025 10:47,1156,0.93,92,Critical
3/13/2025 10:48,1160,0.93,89,Warning
3/13/2025 10:48,1164,0.94,89,Warning
3/13/2025 10:48,1168,0.94,90,Critical
3/13/2025 10:48,1172,0.94,91,Critical
3/13/2025 10:48,1176,0.95,92,Critical
3/13/2025 10:48,1180,0.95,89,Warning
3/13/2025 10:49,1184,0.95,92,Critical
3/13/2025 10:49,1188,0.96,92,Critical
3/13/2025 10:49,1192,0.96,91,Critical
3/13/2025 10:49,1196,0.96,91,Critical
3/13/2025 10:49,1200,0.97,90,Critical
3/13/2025 10:49,1204,0.97,92,Critical
3/13/2025 10:50,1208,0.97,91,Critical
3/13/2025 10:50,1212,0.98,89,Warning
3/13/2025 10:50,1216,0.98,92,Critical
3/13/2025 10:50,1220,0.98,92,Critical
3/13/2025 10:50,1224,0.99,90,Critical
3/13/2025 10:50,1228,0.99,92,Critical
3/13/2025 10:51,1232,0.99,90,Critical
3/13/2025 10:51,1236,1,89,Warning
3/13/2025 10:51,1240,1,89,Warning
3/13/2025 10:51,1244,1,90,Critical
3/13/2025 10:51,1248,1.01,89,Warning
3/13/2025 10:51,1253,1.01,92,Critical
3/13/2025 10:52,1257,1.01,89,Warning
3/13/2025 10:52,1261,1.02,90,Critical
3/13/2025 10:52,1265,1.02,90,Critical
3/13/2025 10:52,1269,1.02,89,Warning
3/13/2025 10:52,1273,1.03,91,Critical
3/13/2025 10:52,1277,1.03,90,Critical
3/13/2025 10:53,1281,1.03,92,Critical
3/13/2025 10:53,1285,1.04,91,Critical
3/13/2025 10:53,1289,1.04,89,Warning
3/13/2025 10:53,1293,1.04,90,Critical
3/13/2025 10:53,1297,1.05,91,Critical
3/13/2025 10:53,1301,1.05,90,Critical
3/13/2025 10:54,1305,1.05,90,Critical
3/13/2025 10:54,1309,1.05,89,Warning
3/13/2025 10:54,1313,1.06,89,Warning
3/13/2025 10:54,1317,1.06,90,Critical
3/13/2025 10:54,1321,1.06,89,Warning
3/13/2025 10:54,1325,1.07,89,Warning
3/13/2025 10:55,1329,1.07,90,Critical
3/13/2025 10:55,1333,1.07,91,Critical
3/13/2025 10:55,1337,1.08,90,Critical
3/13/2025 10:55,1341,1.08,91,Critical
3/13/2025 10:55,1345,1.08,91,Critical
3/13/2025 10:55,1349,1.09,91,Critical
3/13/2025 10:56,1353,1.09,89,Warning
3/13/2025 10:56,1357,1.09,89,Warning
3/13/2025 10:56,1361,1.1,92,Critical
3/13/2025 10:56,1365,1.1,92,Critical
3/13/2025 10:56,1369,1.1,89,Warning
3/13/2025 10:56,1373,1.11,89,Warning
3/13/2025 10:57,1377,1.11,91,Critical
3/13/2025 10:57,1381,1.11,90,Critical
3/13/2025 10:57,1385,1.12,91,Critical
3/13/2025 10:57,1390,1.12,89,Warning
3/13/2025 10:57,1394,1.12,90,Critical
3/13/2025 10:57,1398,1.13,92,Critical
3/13/2025 10:58,1402,1.13,91,Critical
3/13/2025 10:58,1406,1.13,89,Warning
3/13/2025 10:58,1410,1.14,92,Critical
3/13/2025 10:58,1414,1.14,91,Critical
3/13/2025 10:58,1418,1.14,89,Warning
3/13/2025 10:58,1422,1.15,90,Critical
3/13/2025 10:59,1426,1.15,89,Warning
3/13/2025 10:59,1430,1.15,90,Critical
3/13/2025 10:59,1434,1.16,91,Critical
3/13/2025 10:59,1438,1.16,90,Critical
3/13/2025 10:59,1442,1.16,92,Critical
3/13/2025 10:59,1446,1.17,91,Critical
3/13/2025 11:00,1450,1.17,90,Critical
3/13/2025 11:00,1454,1.17,90,Critical
3/13/2025 11:00,1458,1.17,89,Warning
3/13/2025 11:00,1462,1.18,90,Critical
3/13/2025 11:00,1466,1.18,92,Critical
3/13/2025 11:00,1470,1.18,92,Critical
3/13/2025 11:01,1474,1.19,92,Critical
3/13/2025 11:01,1478,1.19,92,Critical
3/13/2025 11:01,1482,1.19,92,Critical
3/13/2025 11:01,1486,1.2,91,Critical
3/13/2025 11:01,1490,1.2,91,Critical
3/13/2025 11:01,1494,1.2,89,Warning
3/13/2025 11:02,1498,1.21,92,Critical
3/13/2025 11:02,1502,1.21,92,Critical
3/13/2025 11:02,1506,1.21,91,Critical
3/13/2025 11:02,1510,1.22,90,Critical
3/13/2025 11:02,1514,1.22,89,Warning
3/13/2025 11:02,1518,1.22,92,Critical
3/13/2025 11:03,1522,1.23,89,Warning
3/13/2025 11:03,1527,1.23,90,Critical
3/13/2025 11:03,1531,1.23,92,Critical
3/13/2025 11:03,1535,1.24,89,Warning
3/13/2025 11:03,1539,1.24,89,Warning
3/13/2025 11:03,1543,1.24,92,Critical
3/13/2025 11:04,1547,1.25,89,Warning
3/13/2025 11:04,1551,1.25,89,Warning
3/13/2025 11:04,1555,1.25,92,Critical
3/13/2025 11:04,1559,1.26,90,Critical
3/13/2025 11:04,1563,1.26,89,Warning
3/13/2025 11:04,1567,1.26,91,Critical
3/13/2025 11:05,1571,1.27,90,Critical
3/13/2025 11:05,1575,1.27,89,Warning
3/13/2025 11:05,1579,1.27,90,Critical
3/13/2025 11:05,1583,1.28,91,Critical
3/13/2025 11:05,1587,1.28,90,Critical
3/13/2025 11:05,1591,1.28,90,Critical
3/13/2025 11:06,1595,1.29,89,Warning
3/13/2025 11:06,1599,1.29,92,Critical
3/13/2025 11:06,1603,1.29,91,Critical
3/13/2025 11:06,1607,1.3,90,Critical
3/13/2025 11:06,1611,1.3,89,Warning
3/13/2025 11:06,1615,1.3,91,Critical
3/13/2025 11:07,1619,1.3,90,Critical
3/13/2025 11:07,1623,1.31,92,Critical
3/13/2025 11:07,1627,1.31,89,Warning
3/13/2025 11:07,1631,1.31,91,Critical
3/13/2025 11:07,1635,1.32,89,Warning
3/13/2025 11:07,1639,1.32,90,Critical
3/13/2025 11:08,1643,1.32,90,Critical
3/13/2025 11:08,1647,1.33,90,Critical
3/13/2025 11:08,1651,1.33,90,Critical
3/13/2025 11:08,1655,1.33,92,Critical
3/13/2025 11:08,1659,1.34,91,Critical
3/13/2025 11:08,1663,1.34,90,Critical
3/13/2025 11:09,1668,1.34,89,Warning
3/13/2025 11:09,1672,1.35,91,Critical
3/13/2025 11:09,1676,1.35,92,Critical
3/13/2025 11:09,1680,1.35,90,Critical
3/13/2025 11:09,1684,1.36,90,Critical
3/13/2025 11:09,1688,1.36,89,Warning
3/13/2025 11:10,1692,1.36,89,Warning
3/13/2025 11:10,1696,1.37,89,Warning
3/13/2025 11:10,1700,1.37,90,Critical
3/13/2025 11:10,1704,1.37,91,Critical
3/13/2025 11:10,1708,1.38,91,Critical
3/13/2025 11:10,1712,1.38,91,Critical
3/13/2025 11:11,1716,1.38,92,Critical
3/13/2025 11:11,1720,1.39,92,Critical
3/13/2025 11:11,1724,1.39,89,Warning
3/13/2025 11:11,1728,1.39,90,Critical
3/13/2025 11:11,1732,1.4,92,Critical
3/13/2025 11:11,1736,1.4,91,Critical
3/13/2025 11:12,1740,1.4,90,Critical
3/13/2025 11:12,1744,1.41,90,Critical
3/13/2025 11:12,1748,1.41,92,Critical
3/13/2025 11:12,1752,1.41,90,Critical
3/13/2025 11:12,1756,1.42,91,Critical
3/13/2025 11:12,1760,1.42,90,Critical
3/13/2025 11:13,1764,1.42,89,Warning
3/13/2025 11:13,1768,1.42,91,Critical
3/13/2025 11:13,1772,1.43,90,Critical
3/13/2025 11:13,1776,1.43,92,Critical
3/13/2025 11:13,1780,1.43,92,Critical
3/13/2025 11:13,1784,1.44,89,Warning
3/13/2025 11:14,1788,1.44,91,Critical
3/13/2025 11:14,1792,1.44,91,Critical
3/13/2025 11:14,1796,1.45,89,Warning
3/13/2025 11:14,1800,1.45,89,Warning
3/13/2025 11:14,1805,1.45,92,Critical
3/13/2025 11:14,1809,1.46,89,Warning
3/13/2025 11:15,1813,1.46,92,Critical
3/13/2025 11:15,1817,1.46,91,Critical
3/13/2025 11:15,1821,1.47,90,Critical
3/13/2025 11:15,1825,1.47,92,Critical
3/13/2025 11:15,1829,1.47,90,Critical
3/13/2025 11:15,1833,1.48,91,Critical
3/13/2025 11:16,1837,1.48,90,Critical
3/13/2025 11:16,1841,1.48,89,Warning
3/13/2025 11:16,1845,1.49,91,Critical
3/13/2025 11:16,1849,1.49,91,Critical
3/13/2025 11:16,1853,1.49,89,Warning
3/13/2025 11:16,1857,1.5,92,Critical
3/13/2025 11:17,1861,1.5,90,Critical
3/13/2025 11:17,1865,1.5,92,Critical
3/13/2025 11:17,1869,1.51,90,Critical
3/13/2025 11:17,1873,1.51,91,Critical
3/13/2025 11:17,1877,1.51,92,Critical
3/13/2025 11:17,1881,1.52,89,Warning
3/13/2025 11:18,1885,1.52,89,Warning
3/13/2025 11:18,1889,1.52,92,Critical
3/13/2025 11:18,1893,1.53,89,Warning
3/13/2025 11:18,1897,1.53,89,Warning
3/13/2025 11:18,1901,1.53,89,Warning
3/13/2025 11:18,1905,1.54,91,Critical
3/13/2025 11:19,1909,1.54,89,Warning
3/13/2025 11:19,1913,1.54,89,Warning
3/13/2025 11:19,1917,1.54,89,Warning
3/13/2025 11:19,1921,1.55,91,Critical
3/13/2025 11:19,1925,1.55,92,Critical
3/13/2025 11:19,1929,1.55,92,Critical
3/13/2025 11:20,1933,1.56,89,Warning
3/13/2025 11:20,1937,1.56,91,Critical
3/13/2025 11:20,1941,1.56,89,Warning
3/13/2025 11:20,1946,1.57,89,Warning
3/13/2025 11:20,1950,1.57,90,Critical
3/13/2025 11:20,1954,1.57,89,Warning
3/13/2025 11:21,1958,1.58,89,Warning
3/13/2025 11:21,1962,1.58,92,Critical
3/13/2025 11:21,1966,1.58,92,Critical
3/13/2025 11:21,1970,1.59,89,Warning
3/13/2025 11:21,1974,1.59,91,Critical
3/13/2025 11:21,1978,1.59,89,Warning
3/13/2025 11:22,1982,1.6,90,Critical
3/13/2025 11:22,1986,1.6,90,Critical
3/13/2025 11:22,1990,1.6,92,Critical
3/13/2025 11:22,1994,1.61,90,Critical
3/13/2025 11:22,1998,1.61,92,Critical
3/13/2025 11:22,2002,1.61,92,Critical
3/13/2025 11:23,2006,1.62,93,Critical
3/13/2025 11:23,2010,1.62,94,Critical
3/13/2025 11:23,2014,1.62,92,Critical
3/13/2025 11:23,2018,1.63,92,Critical
3/13/2025 11:23,2022,1.63,94,Critical
3/13/2025 11:23,2026,1.63,92,Critical
3/13/2025 11:24,2030,1.64,92,Critical
3/13/2025 11:24,2034,1.64,93,Critical
3/13/2025 11:24,2038,1.64,94,Critical
3/13/2025 11:24,2042,1.65,93,Critical
3/13/2025 11:24,2046,1.65,92,Critical
3/13/2025 11:24,2050,1.65,92,Critical
3/13/2025 11:25,2054,1.66,94,Critical
3/13/2025 11:25,2058,1.66,93,Critical
3/13/2025 11:25,2062,1.66,93,Critical
3/13/2025 11:25,2066,1.66,94,Critical
3/13/2025 11:25,2070,1.67,93,Critical
3/13/2025 11:25,2074,1.67,92,Critical
3/13/2025 11:26,2078,1.67,93,Critical
3/13/2025 11:26,2083,1.68,94,Critical
3/13/2025 11:26,2087,1.68,94,Critical
3/13/2025 11:26,2091,1.69,94,Critical
3/13/2025 11:26,2095,1.69,93,Critical
3/13/2025 11:26,2099,1.69,93,Critical
3/13/2025 11:27,2103,1.69,92,Critical
3/13/2025 11:27,2107,1.7,92,Critical
3/13/2025 11:27,2111,1.7,94,Critical
3/13/2025 11:27,2115,1.7,92,Critical
3/13/2025 11:27,2119,1.71,92,Critical
3/13/2025 11:27,2123,1.71,94,Critical
3/13/2025 11:28,2127,1.71,93,Critical
3/13/2025 11:28,2131,1.72,93,Critical
3/13/2025 11:28,2135,1.72,92,Critical
3/13/2025 11:28,2139,1.72,92,Critical
3/13/2025 11:28,2143,1.73,93,Critical
3/13/2025 11:28,2147,1.73,92,Critical
3/13/2025 11:29,2151,1.73,93,Critical
3/13/2025 11:29,2155,1.74,94,Critical
3/13/2025 11:29,2159,1.74,92,Critical
3/13/2025 11:29,2163,1.74,92,Critical
3/13/2025 11:29,2167,1.75,94,Critical
3/13/2025 11:29,2171,1.75,93,Critical
3/13/2025 11:30,2175,1.75,92,Critical
3/13/2025 11:30,2179,1.76,94,Critical
3/13/2025 11:30,2183,1.76,92,Critical
3/13/2025 11:30,2187,1.76,92,Critical
3/13/2025 11:30,2191,1.77,93,Critical
3/13/2025 11:30,2195,1.77,94,Critical
3/13/2025 11:31,2199,1.77,92,Critical
3/13/2025 11:31,2203,1.78,92,Critical
3/13/2025 11:31,2207,1.78,93,Critical
3/13/2025 11:31,2211,1.78,94,Critical
3/13/2025 11:31,2215,1.78,93,Critical
3/13/2025 11:31,2219,1.79,93,Critical
3/13/2025 11:32,2224,1.79,93,Critical
3/13/2025 11:32,2228,1.8,93,Critical
3/13/2025 11:32,2232,1.8,92,Critical
3/13/2025 11:32,2236,1.8,94,Critical
3/13/2025 11:32,2240,1.81,92,Critical
3/13/2025 11:32,2244,1.81,92,Critical
3/13/2025 11:33,2248,1.81,92,Critical
3/13/2025 11:33,2252,1.81,94,Critical
3/13/2025 11:33,2256,1.82,94,Critical
3/13/2025 11:33,2260,1.82,93,Critical
3/13/2025 11:33,2264,1.82,94,Critical
3/13/2025 11:33,2268,1.83,92,Critical
3/13/2025 11:34,2272,1.83,94,Critical
3/13/2025 11:34,2276,1.83,92,Critical
3/13/2025 11:34,2280,1.84,93,Critical
3/13/2025 11:34,2284,1.84,93,Critical
3/13/2025 11:34,2288,1.84,93,Critical
3/13/2025 11:34,2292,1.85,94,Critical
3/13/2025 11:35,2296,1.85,92,Critical
3/13/2025 11:35,2300,1.85,94,Critical
3/13/2025 11:35,2304,1.86,94,Critical
3/13/2025 11:35,2308,1.86,92,Critical
3/13/2025 11:35,2312,1.86,92,Critical
3/13/2025 11:35,2316,1.87,94,Critical
3/13/2025 11:36,2320,1.87,93,Critical
3/13/2025 11:36,2324,1.87,93,Critical
3/13/2025 11:36,2328,1.88,92,Critical
3/13/2025 11:36,2332,1.88,92,Critical
3/13/2025 11:36,2336,1.88,93,Critical
3/13/2025 11:36,2340,1.89,93,Critical
3/13/2025 11:37,2344,1.89,94,Critical
3/13/2025 11:37,2348,1.89,93,Critical
3/13/2025 11:37,2352,1.9,92,Critical
3/13/2025 11:37,2356,1.9,93,Critical
3/13/2025 11:37,2361,1.9,93,Critical
3/13/2025 11:37,2365,1.91,92,Critical
3/13/2025 11:38,2369,1.91,93,Critical
3/13/2025 11:38,2373,1.91,93,Critical
3/13/2025 11:38,2377,1.92,93,Critical
3/13/2025 11:38,2381,1.92,93,Critical
3/13/2025 11:38,2385,1.92,94,Critical
3/13/2025 11:38,2389,1.93,94,Critical
3/13/2025 11:39,2393,1.93,92,Critical
3/13/2025 11:39,2397,1.93,94,Critical
3/13/2025 11:39,2401,1.93,92,Critical
3/13/2025 11:39,2405,1.94,94,Critical
3/13/2025 11:39,2409,1.94,94,Critical
3/13/2025 11:39,2413,1.94,92,Critical
3/13/2025 11:40,2417,1.95,93,Critical
3/13/2025 11:40,2421,1.95,93,Critical
3/13/2025 11:40,2425,1.95,93,Critical
3/13/2025 11:40,2429,1.96,94,Critical
3/13/2025 11:40,2433,1.96,93,Critical
3/13/2025 11:40,2437,1.96,92,Critical
3/13/2025 11:41,2441,1.97,93,Critical
3/13/2025 11:41,2445,1.97,93,Critical
3/13/2025 11:41,2449,1.97,94,Critical
3/13/2025 11:41,2453,1.98,94,Critical
3/13/2025 11:41,2457,1.98,94,Critical
3/13/2025 11:41,2461,1.98,94,Critical
3/13/2025 11:42,2465,1.99,92,Critical
3/13/2025 11:42,2469,1.99,94,Critical
3/13/2025 11:42,2473,1.99,92,Critical
3/13/2025 11:42,2477,2,93,Critical
3/13/2025 11:42,2481,2,93,Critical
3/13/2025 11:42,2485,2,93,Critical
3/13/2025 11:43,2489,2.01,92,Critical
3/13/2025 11:43,2493,2.01,93,Critical
3/13/2025 11:43,2497,2.01,92,Critical
3/13/2025 11:43,2502,2.02,94,Critical
3/13/2025 11:43,2506,2.02,94,Critical
3/13/2025 11:43,2510,2.02,96,Critical
3/13/2025 11:44,2514,2.03,95,Critical
3/13/2025 11:44,2518,2.03,96,Critical
3/13/2025 11:44,2522,2.03,95,Critical
3/13/2025 11:44,2526,2.04,96,Critical
3/13/2025 11:44,2530,2.04,95,Critical
3/13/2025 11:44,2534,2.04,94,Critical
3/13/2025 11:45,2538,2.05,94,Critical
3/13/2025 11:45,2542,2.05,94,Critical
3/13/2025 11:45,2546,2.05,95,Critical
3/13/2025 11:45,2550,2.05,95,Critical
3/13/2025 11:45,2554,2.06,95,Critical
3/13/2025 11:45,2558,2.06,96,Critical
3/13/2025 11:46,2562,2.06,96,Critical
3/13/2025 11:46,2566,2.07,95,Critical
3/13/2025 11:46,2570,2.07,96,Critical
3/13/2025 11:46,2574,2.07,94,Critical
3/13/2025 11:46,2578,2.08,94,Critical
3/13/2025 11:46,2582,2.08,96,Critical
3/13/2025 11:47,2586,2.08,94,Critical
3/13/2025 11:47,2590,2.09,96,Critical
3/13/2025 11:47,2594,2.09,96,Critical
3/13/2025 11:47,2598,2.09,94,Critical
3/13/2025 11:47,2602,2.1,96,Critical
3/13/2025 11:47,2606,2.1,94,Critical
3/13/2025 11:48,2610,2.1,96,Critical
3/13/2025 11:48,2614,2.11,96,Critical
3/13/2025 11:48,2618,2.11,96,Critical
3/13/2025 11:48,2622,2.11,96,Critical
3/13/2025 11:48,2626,2.12,96,Critical
3/13/2025 11:48,2630,2.12,95,Critical
3/13/2025 11:49,2634,2.12,94,Critical
3/13/2025 11:49,2639,2.13,96,Critical
3/13/2025 11:49,2643,2.13,96,Critical
3/13/2025 11:49,2647,2.13,95,Critical
3/13/2025 11:49,2651,2.14,95,Critical
3/13/2025 11:49,2655,2.14,95,Critical
3/13/2025 11:50,2659,2.14,96,Critical
3/13/2025 11:50,2663,2.15,96,Critical
3/13/2025 11:50,2667,2.15,96,Critical
3/13/2025 11:50,2671,2.15,96,Critical
3/13/2025 11:50,2675,2.16,94,Critical
3/13/2025 11:50,2679,2.16,94,Critical
3/13/2025 11:51,2683,2.16,96,Critical
3/13/2025 11:51,2687,2.17,95,Critical
3/13/2025 11:51,2691,2.17,94,Critical
3/13/2025 11:51,2695,2.17,94,Critical
3/13/2025 11:51,2699,2.18,95,Critical
3/13/2025 11:51,2703,2.18,95,Critical
3/13/2025 11:52,2707,2.18,94,Critical
3/13/2025 11:52,2711,2.18,96,Critical
3/13/2025 11:52,2715,2.19,96,Critical
3/13/2025 11:52,2719,2.19,96,Critical
3/13/2025 11:52,2723,2.19,94,Critical
3/13/2025 11:52,2727,2.2,96,Critical
3/13/2025 11:53,2731,2.2,96,Critical
3/13/2025 11:53,2735,2.2,96,Critical
3/13/2025 11:53,2739,2.21,96,Critical
3/13/2025 11:53,2743,2.21,94,Critical
3/13/2025 11:53,2747,2.21,94,Critical
3/13/2025 11:53,2751,2.22,95,Critical
3/13/2025 11:54,2755,2.22,94,Critical
3/13/2025 11:54,2759,2.22,96,Critical
3/13/2025 11:54,2763,2.23,94,Critical
3/13/2025 11:54,2767,2.23,94,Critical
3/13/2025 11:54,2771,2.23,95,Critical
3/13/2025 11:54,2776,2.24,96,Critical
3/13/2025 11:55,2780,2.24,96,Critical
3/13/2025 11:55,2784,2.24,96,Critical
3/13/2025 11:55,2788,2.25,94,Critical
3/13/2025 11:55,2792,2.25,94,Critical
3/13/2025 11:55,2796,2.25,94,Critical
3/13/2025 11:55,2800,2.26,95,Critical
3/13/2025 11:56,2804,2.26,95,Critical
3/13/2025 11:56,2808,2.26,94,Critical
3/13/2025 11:56,2812,2.27,95,Critical
3/13/2025 11:56,2816,2.27,96,Critical
3/13/2025 11:56,2820,2.27,96,Critical
3/13/2025 11:56,2824,2.28,94,Critical
3/13/2025 11:57,2828,2.28,96,Critical
3/13/2025 11:57,2832,2.28,94,Critical
3/13/2025 11:57,2836,2.29,96,Critical
3/13/2025 11:57,2840,2.29,94,Critical
3/13/2025 11:57,2844,2.29,95,Critical
3/13/2025 11:57,2848,2.3,95,Critical
3/13/2025 11:58,2852,2.3,95,Critical
3/13/2025 11:58,2856,2.3,96,Critical
3/13/2025 11:58,2860,2.3,95,Critical
3/13/2025 11:58,2864,2.31,96,Critical
3/13/2025 11:58,2868,2.31,94,Critical
3/13/2025 11:58,2872,2.31,96,Critical
3/13/2025 11:59,2876,2.32,94,Critical
3/13/2025 11:59,2880,2.32,95,Critical
3/13/2025 11:59,2884,2.32,96,Critical
3/13/2025 11:59,2888,2.33,96,Critical
3/13/2025 11:59,2892,2.33,94,Critical
3/13/2025 11:59,2896,2.33,95,Critical
3/13/2025 12:00,2900,2.34,96,Critical
3/13/2025 12:00,2904,2.34,96,Critical
3/13/2025 12:00,2908,2.34,96,Critical
3/13/2025 12:00,2912,2.35,95,Critical
3/13/2025 12:00,2917,2.35,95,Critical
3/13/2025 12:00,2921,2.35,94,Critical
3/13/2025 12:01,2925,2.36,94,Critical
3/13/2025 12:01,2929,2.36,94,Critical
3/13/2025 12:01,2933,2.36,95,Critical
3/13/2025 12:01,2937,2.37,94,Critical
3/13/2025 12:01,2941,2.37,94,Critical
3/13/2025 12:01,2945,2.37,96,Critical
3/13/2025 12:02,2949,2.38,94,Critical
3/13/2025 12:02,2953,2.38,95,Critical
3/13/2025 12:02,2957,2.38,96,Critical
3/13/2025 12:02,2961,2.39,95,Critical
3/13/2025 12:02,2965,2.39,95,Critical
3/13/2025 12:02,2969,2.39,94,Critical
3/13/2025 12:03,2973,2.4,94,Critical
3/13/2025 12:03,2977,2.4,96,Critical
3/13/2025 12:03,2981,2.4,95,Critical
3/13/2025 12:03,2985,2.41,96,Critical
3/13/2025 12:03,2989,2.41,96,Critical
3/13/2025 12:03,2993,2.41,96,Critical
3/13/2025 12:04,2997,2.42,96,Critical
3/13/2025 12:04,3001,2.42,97,Critical
3/13/2025 12:04,3005,2.42,95,Critical
3/13/2025 12:04,3009,2.42,97,Critical
3/13/2025 12:04,3013,2.43,96,Critical
3/13/2025 12:04,3017,2.43,95,Critical
3/13/2025 12:05,3021,2.43,97,Critical
3/13/2025 12:05,3025,2.44,97,Critical
3/13/2025 12:05,3029,2.44,97,Critical
3/13/2025 12:05,3033,2.44,95,Critical
3/13/2025 12:05,3037,2.45,95,Critical
3/13/2025 12:05,3041,2.45,96,Critical
3/13/2025 12:06,3045,2.45,95,Critical
3/13/2025 12:06,3049,2.46,96,Critical
3/13/2025 12:06,3054,2.46,96,Critical
3/13/2025 12:06,3058,2.46,97,Critical
3/13/2025 12:06,3062,2.47,97,Critical
3/13/2025 12:06,3066,2.47,95,Critical
3/13/2025 12:07,3070,2.47,97,Critical
3/13/2025 12:07,3074,2.48,96,Critical
3/13/2025 12:07,3078,2.48,97,Critical
3/13/2025 12:07,3082,2.48,97,Critical
3/13/2025 12:07,3086,2.49,97,Critical
3/13/2025 12:07,3090,2.49,95,Critical
3/13/2025 12:08,3094,2.49,96,Critical
3/13/2025 12:08,3098,2.5,97,Critical
3/13/2025 12:08,3102,2.5,97,Critical
3/13/2025 12:08,3106,2.5,96,Critical
3/13/2025 12:08,3110,2.51,96,Critical
3/13/2025 12:08,3114,2.51,95,Critical
3/13/2025 12:09,3118,2.51,97,Critical
3/13/2025 12:09,3122,2.52,95,Critical
3/13/2025 12:09,3126,2.52,97,Critical
3/13/2025 12:09,3130,2.52,95,Critical
3/13/2025 12:09,3134,2.53,96,Critical
3/13/2025 12:09,3138,2.53,95,Critical
3/13/2025 12:10,3142,2.53,95,Critical
3/13/2025 12:10,3146,2.54,97,Critical
3/13/2025 12:10,3150,2.54,97,Critical
3/13/2025 12:10,3154,2.54,97,Critical
3/13/2025 12:10,3158,2.54,95,Critical
3/13/2025 12:10,3162,2.55,97,Critical
3/13/2025 12:11,3166,2.55,96,Critical
3/13/2025 12:11,3170,2.55,95,Critical
3/13/2025 12:11,3174,2.56,96,Critical
3/13/2025 12:11,3178,2.56,96,Critical
3/13/2025 12:11,3182,2.56,96,Critical
3/13/2025 12:11,3186,2.57,96,Critical
3/13/2025 12:12,3190,2.57,95,Critical
3/13/2025 12:12,3195,2.57,95,Critical
3/13/2025 12:12,3199,2.58,96,Critical
3/13/2025 12:12,3203,2.58,97,Critical
3/13/2025 12:12,3207,2.58,97,Critical
3/13/2025 12:12,3211,2.59,95,Critical
3/13/2025 12:13,3215,2.59,97,Critical
3/13/2025 12:13,3219,2.59,95,Critical
3/13/2025 12:13,3223,2.6,96,Critical
3/13/2025 12:13,3227,2.6,95,Critical
3/13/2025 12:13,3231,2.6,96,Critical
3/13/2025 12:13,3235,2.61,97,Critical
3/13/2025 12:14,3239,2.61,95,Critical
3/13/2025 12:14,3243,2.61,96,Critical
3/13/2025 12:14,3247,2.62,95,Critical
3/13/2025 12:14,3251,2.62,97,Critical
3/13/2025 12:14,3255,2.62,97,Critical
3/13/2025 12:14,3259,2.63,97,Critical
3/13/2025 12:15,3263,2.63,96,Critical
3/13/2025 12:15,3267,2.63,97,Critical
3/13/2025 12:15,3271,2.64,97,Critical
3/13/2025 12:15,3275,2.64,96,Critical
3/13/2025 12:15,3279,2.64,97,Critical
3/13/2025 12:15,3283,2.65,95,Critical
3/13/2025 12:16,3287,2.65,97,Critical
3/13/2025 12:16,3291,2.65,95,Critical
3/13/2025 12:16,3295,2.66,95,Critical
3/13/2025 12:16,3299,2.66,96,Critical
3/13/2025 12:16,3303,2.66,96,Critical
3/13/2025 12:16,3307,2.66,95,Critical
3/13/2025 12:17,3311,2.67,97,Critical
3/13/2025 12:17,3315,2.67,97,Critical
3/13/2025 12:17,3319,2.67,97,Critical
3/13/2025 12:17,3323,2.68,96,Critical
3/13/2025 12:17,3327,2.68,95,Critical
3/13/2025 12:17,3332,2.69,95,Critical
3/13/2025 12:18,3336,2.69,96,Critical
3/13/2025 12:18,3340,2.69,95,Critical
3/13/2025 12:18,3344,2.69,96,Critical
3/13/2025 12:18,3348,2.7,96,Critical
3/13/2025 12:18,3352,2.7,95,Critical
3/13/2025 12:18,3356,2.7,97,Critical
3/13/2025 12:19,3360,2.71,96,Critical
3/13/2025 12:19,3364,2.71,95,Critical
3/13/2025 12:19,3368,2.71,96,Critical
3/13/2025 12:19,3372,2.72,95,Critical
3/13/2025 12:19,3376,2.72,97,Critical
3/13/2025 12:19,3380,2.72,96,Critical
3/13/2025 12:20,3384,2.73,95,Critical
3/13/2025 12:20,3388,2.73,97,Critical
3/13/2025 12:20,3392,2.73,96,Critical
3/13/2025 12:20,3396,2.74,96,Critical
3/13/2025 12:20,3400,2.74,96,Critical
3/13/2025 12:20,3404,2.74,96,Critical
3/13/2025 12:21,3408,2.75,97,Critical
3/13/2025 12:21,3412,2.75,95,Critical
3/13/2025 12:21,3416,2.75,97,Critical
3/13/2025 12:21,3420,2.76,96,Critical
3/13/2025 12:21,3424,2.76,97,Critical
3/13/2025 12:21,3428,2.76,95,Critical
3/13/2025 12:22,3432,2.77,97,Critical
3/13/2025 12:22,3436,2.77,97,Critical
3/13/2025 12:22,3440,2.77,96,Critical
3/13/2025 12:22,3444,2.78,95,Critical
3/13/2025 12:22,3448,2.78,96,Critical
3/13/2025 12:22,3452,2.78,97,Critical
3/13/2025 12:23,3456,2.79,96,Critical
3/13/2025 12:23,3460,2.79,95,Critical
3/13/2025 12:23,3464,2.79,95,Critical
3/13/2025 12:23,3468,2.79,95,Critical
3/13/2025 12:23,3473,2.8,97,Critical
3/13/2025 12:23,3477,2.8,95,Critical
3/13/2025 12:24,3481,2.81,96,Critical
3/13/2025 12:24,3485,2.81,96,Critical
3/13/2025 12:24,3489,2.81,96,Critical
3/13/2025 12:24,3493,2.81,96,Critical
3/13/2025 12:24,3497,2.82,97,Critical
3/13/2025 12:24,3501,2.82,99,Critical
3/13/2025 12:25,3505,2.82,99,Critical
3/13/2025 12:25,3509,2.83,97,Critical
3/13/2025 12:25,3513,2.83,97,Critical
3/13/2025 12:25,3517,2.83,99,Critical
3/13/2025 12:25,3521,2.84,99,Critical
3/13/2025 12:25,3525,2.84,97,Critical
3/13/2025 12:26,3529,2.84,97,Critical
3/13/2025 12:26,3533,2.85,99,Critical
3/13/2025 12:26,3537,2.85,98,Critical
3/13/2025 12:26,3541,2.85,98,Critical
3/13/2025 12:26,3545,2.86,97,Critical
3/13/2025 12:26,3549,2.86,98,Critical
3/13/2025 12:27,3553,2.86,98,Critical
3/13/2025 12:27,3557,2.87,97,Critical
3/13/2025 12:27,3561,2.87,97,Critical
3/13/2025 12:27,3565,2.87,97,Critical
3/13/2025 12:27,3569,2.88,99,Critical
3/13/2025 12:27,3573,2.88,99,Critical
3/13/2025 12:28,3577,2.88,99,Critical
3/13/2025 12:28,3581,2.89,99,Critical
3/13/2025 12:28,3585,2.89,97,Critical
3/13/2025 12:28,3589,2.89,98,Critical
3/13/2025 12:28,3593,2.9,97,Critical
3/13/2025 12:28,3597,2.9,99,Critical
3/13/2025 12:29,3601,2.9,99,Critical
3/13/2025 12:29,3605,2.91,99,Critical
3/13/2025 12:29,3610,2.91,99,Critical
3/13/2025 12:29,3614,2.91,98,Critical
3/13/2025 12:29,3618,2.92,97,Critical
3/13/2025 12:29,3622,2.92,97,Critical
3/13/2025 12:30,3626,2.92,97,Critical
3/13/2025 12:30,3630,2.93,99,Critical
3/13/2025 12:30,3634,2.93,98,Critical
3/13/2025 12:30,3638,2.93,97,Critical
3/13/2025 12:30,3642,2.93,99,Critical
3/13/2025 12:30,3646,2.94,99,Critical
3/13/2025 12:31,3650,2.94,98,Critical
3/13/2025 12:31,3654,2.94,98,Critical
3/13/2025 12:31,3658,2.95,99,Critical
3/13/2025 12:31,3662,2.95,99,Critical
3/13/2025 12:31,3666,2.95,97,Critical
3/13/2025 12:31,3670,2.96,99,Critical
3/13/2025 12:32,3674,2.96,98,Critical
3/13/2025 12:32,3678,2.96,98,Critical
3/13/2025 12:32,3682,2.97,97,Critical
3/13/2025 12:32,3686,2.97,99,Critical
3/13/2025 12:32,3690,2.97,99,Critical
3/13/2025 12:32,3694,2.98,98,Critical
3/13/2025 12:33,3698,2.98,99,Critical
3/13/2025 12:33,3702,2.98,97,Critical
3/13/2025 12:33,3706,2.99,97,Critical
3/13/2025 12:33,3710,2.99,99,Critical
3/13/2025 12:33,3714,2.99,98,Critical
3/13/2025 12:33,3718,3,99,Critical
3/13/2025 12:34,3722,3,98,Critical
3/13/2025 12:34,3726,3,98,Critical
3/13/2025 12:34,3730,3.01,98,Critical
3/13/2025 12:34,3734,3.01,99,Critical
3/13/2025 12:34,3738,3.01,99,Critical
3/13/2025 12:34,3742,3.02,98,Critical
3/13/2025 12:35,3746,3.02,99,Critical
3/13/2025 12:35,3751,3.02,99,Critical
3/13/2025 12:35,3755,3.03,97,Critical
3/13/2025 12:35,3759,3.03,97,Critical
3/13/2025 12:35,3763,3.03,98,Critical
3/13/2025 12:35,3767,3.04,99,Critical
3/13/2025 12:36,3771,3.04,98,Critical
3/13/2025 12:36,3775,3.04,99,Critical
3/13/2025 12:36,3779,3.05,99,Critical
3/13/2025 12:36,3783,3.05,98,Critical
3/13/2025 12:36,3787,3.05,99,Critical
3/13/2025 12:36,3791,3.06,98,Critical
3/13/2025 12:37,3795,3.06,98,Critical
3/13/2025 12:37,3799,3.06,99,Critical
3/13/2025 12:37,3803,3.06,97,Critical
3/13/2025 12:37,3807,3.07,99,Critical
3/13/2025 12:37,3811,3.07,98,Critical
3/13/2025 12:37,3815,3.07,98,Critical
3/13/2025 12:38,3819,3.08,98,Critical
3/13/2025 12:38,3823,3.08,99,Critical
3/13/2025 12:38,3827,3.08,99,Critical
3/13/2025 12:38,3831,3.09,99,Critical
3/13/2025 12:38,3835,3.09,98,Critical
3/13/2025 12:38,3839,3.09,99,Critical
3/13/2025 12:39,3843,3.1,97,Critical
3/13/2025 12:39,3847,3.1,99,Critical
3/13/2025 12:39,3851,3.1,98,Critical
3/13/2025 12:39,3855,3.11,97,Critical
3/13/2025 12:39,3859,3.11,97,Critical
3/13/2025 12:39,3863,3.11,97,Critical
3/13/2025 12:40,3867,3.12,99,Critical
3/13/2025 12:40,3871,3.12,99,Critical
3/13/2025 12:40,3875,3.12,98,Critical
3/13/2025 12:40,3879,3.13,98,Critical
3/13/2025 12:40,3883,3.13,98,Critical
3/13/2025 12:40,3888,3.13,99,Critical
3/13/2025 12:41,3892,3.14,98,Critical
3/13/2025 12:41,3896,3.14,97,Critical
3/13/2025 12:41,3900,3.14,97,Critical
3/13/2025 12:41,3904,3.15,99,Critical
3/13/2025 12:41,3908,3.15,98,Critical
3/13/2025 12:41,3912,3.15,98,Critical
3/13/2025 12:42,3916,3.16,98,Critical
3/13/2025 12:42,3920,3.16,99,Critical
3/13/2025 12:42,3924,3.16,98,Critical
3/13/2025 12:42,3928,3.17,99,Critical
3/13/2025 12:42,3932,3.17,99,Critical
3/13/2025 12:42,3936,3.17,97,Critical
3/13/2025 12:43,3940,3.18,98,Critical
3/13/2025 12:43,3944,3.18,98,Critical
3/13/2025 12:43,3948,3.18,99,Critical
3/13/2025 12:43,3952,3.18,99,Critical
3/13/2025 12:43,3956,3.19,97,Critical
3/13/2025 12:43,3960,3.19,99,Critical
3/13/2025 12:44,3964,3.19,99,Critical
3/13/2025 12:44,3968,3.2,97,Critical
3/13/2025 12:44,3972,3.2,97,Critical
3/13/2025 12:44,3976,3.2,99,Critical
3/13/2025 12:44,3980,3.21,99,Critical
3/13/2025 12:44,3984,3.21,98,Critical
3/13/2025 12:45,3988,3.21,97,Critical
3/13/2025 12:45,3992,3.22,97,Critical
3/13/2025 12:45,3996,3.22,97,Critical
3/13/2025 12:45,4000,3.22,100,Critical
3/13/2025 12:45,4004,3.23,100,Critical
3/13/2025 12:45,4008,3.23,100,Critical
3/13/2025 12:46,4012,3.23,100,Critical
3/13/2025 12:46,4016,3.24,100,Critical
3/13/2025 12:46,4020,3.24,100,Critical
3/13/2025 12:46,4025,3.24,100,Critical
3/13/2025 12:46,4025,3.24,100,Critical
3/13/2025 12:46,4020,3.24,100,Critical
3/13/2025 12:47,4016,3.24,100,Critical
3/13/2025 12:47,4012,3.23,100,Critical
3/13/2025 12:47,4008,3.23,100,Critical
3/13/2025 12:47,4004,3.23,100,Critical
3/13/2025 12:47,4000,3.22,100,Critical
3/13/2025 12:47,3996,3.22,97,Critical
3/13/2025 12:48,3992,3.22,99,Critical
3/13/2025 12:48,3988,3.21,98,Critical
3/13/2025 12:48,3984,3.21,99,Critical
3/13/2025 12:48,3980,3.21,97,Critical
3/13/2025 12:48,3976,3.2,97,Critical
3/13/2025 12:48,3972,3.2,97,Critical
3/13/2025 12:49,3968,3.2,99,Critical
3/13/2025 12:49,3964,3.19,98,Critical
3/13/2025 12:49,3960,3.19,99,Critical
3/13/2025 12:49,3956,3.19,97,Critical
3/13/2025 12:49,3952,3.18,99,Critical
3/13/2025 12:49,3948,3.18,98,Critical
3/13/2025 12:50,3944,3.18,97,Critical
3/13/2025 12:50,3940,3.18,98,Critical
3/13/2025 12:50,3936,3.17,98,Critical
3/13/2025 12:50,3932,3.17,99,Critical
3/13/2025 12:50,3928,3.17,98,Critical
3/13/2025 12:50,3924,3.16,98,Critical
3/13/2025 12:51,3920,3.16,97,Critical
3/13/2025 12:51,3916,3.16,98,Critical
3/13/2025 12:51,3912,3.15,97,Critical
3/13/2025 12:51,3908,3.15,97,Critical
3/13/2025 12:51,3904,3.15,99,Critical
3/13/2025 12:51,3900,3.14,99,Critical
3/13/2025 12:52,3896,3.14,98,Critical
3/13/2025 12:52,3892,3.14,98,Critical
3/13/2025 12:52,3888,3.13,97,Critical
3/13/2025 12:52,3883,3.13,97,Critical
3/13/2025 12:52,3879,3.13,99,Critical
3/13/2025 12:52,3875,3.12,99,Critical
3/13/2025 12:53,3871,3.12,98,Critical
3/13/2025 12:53,3867,3.12,99,Critical
3/13/2025 12:53,3863,3.11,99,Critical
3/13/2025 12:53,3859,3.11,98,Critical
3/13/2025 12:53,3855,3.11,97,Critical
3/13/2025 12:53,3851,3.1,99,Critical
3/13/2025 12:54,3847,3.1,97,Critical
3/13/2025 12:54,3843,3.1,97,Critical
3/13/2025 12:54,3839,3.09,98,Critical
3/13/2025 12:54,3835,3.09,98,Critical
3/13/2025 12:54,3831,3.09,97,Critical
3/13/2025 12:54,3827,3.08,98,Critical
3/13/2025 12:55,3823,3.08,97,Critical
3/13/2025 12:55,3819,3.08,99,Critical
3/13/2025 12:55,3815,3.07,99,Critical
3/13/2025 12:55,3811,3.07,99,Critical
3/13/2025 12:55,3807,3.07,97,Critical
3/13/2025 12:55,3803,3.06,99,Critical
3/13/2025 12:56,3799,3.06,99,Critical
3/13/2025 12:56,3795,3.06,99,Critical
3/13/2025 12:56,3791,3.06,98,Critical
3/13/2025 12:56,3787,3.05,99,Critical
3/13/2025 12:56,3783,3.05,98,Critical
3/13/2025 12:56,3779,3.05,99,Critical
3/13/2025 12:57,3775,3.04,97,Critical
3/13/2025 12:57,3771,3.04,98,Critical
3/13/2025 12:57,3767,3.04,97,Critical
3/13/2025 12:57,3763,3.03,98,Critical
3/13/2025 12:57,3759,3.03,97,Critical
3/13/2025 12:57,3755,3.03,97,Critical
3/13/2025 12:58,3751,3.02,97,Critical
3/13/2025 12:58,3746,3.02,97,Critical
3/13/2025 12:58,3742,3.02,99,Critical
3/13/2025 12:58,3738,3.01,99,Critical
3/13/2025 12:58,3734,3.01,99,Critical
3/13/2025 12:58,3730,3.01,99,Critical
3/13/2025 12:59,3726,3,97,Critical
3/13/2025 12:59,3722,3,99,Critical
3/13/2025 12:59,3718,3,97,Critical
3/13/2025 12:59,3714,2.99,98,Critical
3/13/2025 12:59,3710,2.99,98,Critical
3/13/2025 12:59,3706,2.99,97,Critical
3/13/2025 13:00,3702,2.98,98,Critical
3/13/2025 13:00,3698,2.98,98,Critical
3/13/2025 13:00,3694,2.98,97,Critical
3/13/2025 13:00,3690,2.97,98,Critical
3/13/2025 13:00,3686,2.97,99,Critical
3/13/2025 13:00,3682,2.97,98,Critical
3/13/2025 13:01,3678,2.96,99,Critical
3/13/2025 13:01,3674,2.96,98,Critical
3/13/2025 13:01,3670,2.96,98,Critical
3/13/2025 13:01,3666,2.95,98,Critical
3/13/2025 13:01,3662,2.95,97,Critical
3/13/2025 13:01,3658,2.95,99,Critical
3/13/2025 13:02,3654,2.94,99,Critical
3/13/2025 13:02,3650,2.94,97,Critical
3/13/2025 13:02,3646,2.94,98,Critical
3/13/2025 13:02,3642,2.93,97,Critical
3/13/2025 13:02,3638,2.93,97,Critical
3/13/2025 13:02,3634,2.93,97,Critical
3/13/2025 13:03,3630,2.93,97,Critical
3/13/2025 13:03,3626,2.92,97,Critical
3/13/2025 13:03,3622,2.92,99,Critical
3/13/2025 13:03,3618,2.92,98,Critical
3/13/2025 13:03,3614,2.91,97,Critical
3/13/2025 13:03,3610,2.91,99,Critical
3/13/2025 13:04,3605,2.91,98,Critical
3/13/2025 13:04,3601,2.9,97,Critical
3/13/2025 13:04,3597,2.9,98,Critical
3/13/2025 13:04,3593,2.9,98,Critical
3/13/2025 13:04,3589,2.89,99,Critical
3/13/2025 13:04,3585,2.89,99,Critical
3/13/2025 13:05,3581,2.89,99,Critical
3/13/2025 13:05,3577,2.88,98,Critical
3/13/2025 13:05,3573,2.88,97,Critical
3/13/2025 13:05,3569,2.88,98,Critical
3/13/2025 13:05,3565,2.87,98,Critical
3/13/2025 13:05,3561,2.87,98,Critical
3/13/2025 13:06,3557,2.87,99,Critical
3/13/2025 13:06,3553,2.86,97,Critical
3/13/2025 13:06,3549,2.86,99,Critical
3/13/2025 13:06,3545,2.86,97,Critical
3/13/2025 13:06,3541,2.85,97,Critical
3/13/2025 13:06,3537,2.85,97,Critical
3/13/2025 13:07,3533,2.85,98,Critical
3/13/2025 13:07,3529,2.84,97,Critical
3/13/2025 13:07,3525,2.84,98,Critical
3/13/2025 13:07,3521,2.84,99,Critical
3/13/2025 13:07,3517,2.83,97,Critical
3/13/2025 13:07,3513,2.83,97,Critical
3/13/2025 13:08,3509,2.83,98,Critical
3/13/2025 13:08,3505,2.82,97,Critical
3/13/2025 13:08,3501,2.82,98,Critical
3/13/2025 13:08,3497,2.82,97,Critical
3/13/2025 13:08,3493,2.81,96,Critical
3/13/2025 13:08,3489,2.81,95,Critical
3/13/2025 13:09,3485,2.81,96,Critical
3/13/2025 13:09,3481,2.81,96,Critical
3/13/2025 13:09,3477,2.8,95,Critical
3/13/2025 13:09,3473,2.8,97,Critical
3/13/2025 13:09,3468,2.79,95,Critical
3/13/2025 13:09,3464,2.79,96,Critical
3/13/2025 13:10,3460,2.79,95,Critical
3/13/2025 13:10,3456,2.79,96,Critical
3/13/2025 13:10,3452,2.78,97,Critical
3/13/2025 13:10,3448,2.78,97,Critical
3/13/2025 13:10,3444,2.78,95,Critical
3/13/2025 13:10,3440,2.77,95,Critical
3/13/2025 13:11,3436,2.77,95,Critical
3/13/2025 13:11,3432,2.77,96,Critical
3/13/2025 13:11,3428,2.76,97,Critical
3/13/2025 13:11,3424,2.76,96,Critical
3/13/2025 13:11,3420,2.76,95,Critical
3/13/2025 13:11,3416,2.75,95,Critical
3/13/2025 13:12,3412,2.75,97,Critical
3/13/2025 13:12,3408,2.75,95,Critical
3/13/2025 13:12,3404,2.74,97,Critical
3/13/2025 13:12,3400,2.74,97,Critical
3/13/2025 13:12,3396,2.74,97,Critical
3/13/2025 13:12,3392,2.73,97,Critical
3/13/2025 13:13,3388,2.73,95,Critical
3/13/2025 13:13,3384,2.73,96,Critical
3/13/2025 13:13,3380,2.72,97,Critical
3/13/2025 13:13,3376,2.72,97,Critical
3/13/2025 13:13,3372,2.72,95,Critical
3/13/2025 13:13,3368,2.71,96,Critical
3/13/2025 13:14,3364,2.71,95,Critical
3/13/2025 13:14,3360,2.71,96,Critical
3/13/2025 13:14,3356,2.7,97,Critical
3/13/2025 13:14,3352,2.7,97,Critical
3/13/2025 13:14,3348,2.7,96,Critical
3/13/2025 13:14,3344,2.69,95,Critical
3/13/2025 13:15,3340,2.69,97,Critical
3/13/2025 13:15,3336,2.69,95,Critical
3/13/2025 13:15,3332,2.69,97,Critical
3/13/2025 13:15,3327,2.68,97,Critical
3/13/2025 13:15,3323,2.68,97,Critical
3/13/2025 13:15,3319,2.67,97,Critical
3/13/2025 13:16,3315,2.67,96,Critical
3/13/2025 13:16,3311,2.67,97,Critical
3/13/2025 13:16,3307,2.66,95,Critical
3/13/2025 13:16,3303,2.66,97,Critical
3/13/2025 13:16,3299,2.66,97,Critical
3/13/2025 13:16,3295,2.66,96,Critical
3/13/2025 13:17,3291,2.65,95,Critical
3/13/2025 13:17,3287,2.65,95,Critical
3/13/2025 13:17,3283,2.65,95,Critical
3/13/2025 13:17,3279,2.64,96,Critical
3/13/2025 13:17,3275,2.64,96,Critical
3/13/2025 13:17,3271,2.64,95,Critical
3/13/2025 13:18,3267,2.63,95,Critical
3/13/2025 13:18,3263,2.63,97,Critical
3/13/2025 13:18,3259,2.63,97,Critical
3/13/2025 13:18,3255,2.62,96,Critical
3/13/2025 13:18,3251,2.62,95,Critical
3/13/2025 13:18,3247,2.62,95,Critical
3/13/2025 13:19,3243,2.61,96,Critical
3/13/2025 13:19,3239,2.61,95,Critical
3/13/2025 13:19,3235,2.61,97,Critical
3/13/2025 13:19,3231,2.6,95,Critical
3/13/2025 13:19,3227,2.6,97,Critical
3/13/2025 13:19,3223,2.6,95,Critical
3/13/2025 13:20,3219,2.59,96,Critical
3/13/2025 13:20,3215,2.59,95,Critical
3/13/2025 13:20,3211,2.59,95,Critical
3/13/2025 13:20,3207,2.58,97,Critical
3/13/2025 13:20,3203,2.58,95,Critical
3/13/2025 13:20,3199,2.58,96,Critical
3/13/2025 13:21,3195,2.57,95,Critical
3/13/2025 13:21,3190,2.57,97,Critical
3/13/2025 13:21,3186,2.57,96,Critical
3/13/2025 13:21,3182,2.56,96,Critical
3/13/2025 13:21,3178,2.56,97,Critical
3/13/2025 13:21,3174,2.56,97,Critical
3/13/2025 13:22,3170,2.55,97,Critical
3/13/2025 13:22,3166,2.55,97,Critical
3/13/2025 13:22,3162,2.55,96,Critical
3/13/2025 13:22,3158,2.54,97,Critical
3/13/2025 13:22,3154,2.54,97,Critical
3/13/2025 13:22,3150,2.54,97,Critical
3/13/2025 13:23,3146,2.54,97,Critical
3/13/2025 13:23,3142,2.53,95,Critical
3/13/2025 13:23,3138,2.53,97,Critical
3/13/2025 13:23,3134,2.53,96,Critical
3/13/2025 13:23,3130,2.52,97,Critical
3/13/2025 13:23,3126,2.52,95,Critical
3/13/2025 13:24,3122,2.52,96,Critical
3/13/2025 13:24,3118,2.51,95,Critical
3/13/2025 13:24,3114,2.51,97,Critical
3/13/2025 13:24,3110,2.51,96,Critical
3/13/2025 13:24,3106,2.5,96,Critical
3/13/2025 13:24,3102,2.5,97,Critical
3/13/2025 13:25,3098,2.5,96,Critical
3/13/2025 13:25,3094,2.49,96,Critical
3/13/2025 13:25,3090,2.49,96,Critical
3/13/2025 13:25,3086,2.49,97,Critical
3/13/2025 13:25,3082,2.48,95,Critical
3/13/2025 13:25,3078,2.48,95,Critical
3/13/2025 13:26,3074,2.48,96,Critical
3/13/2025 13:26,3070,2.47,97,Critical
3/13/2025 13:26,3066,2.47,97,Critical
3/13/2025 13:26,3062,2.47,97,Critical
3/13/2025 13:26,3058,2.46,95,Critical
3/13/2025 13:26,3054,2.46,96,Critical
3/13/2025 13:27,3049,2.46,95,Critical
3/13/2025 13:27,3045,2.45,95,Critical
3/13/2025 13:27,3041,2.45,97,Critical
3/13/2025 13:27,3037,2.45,97,Critical
3/13/2025 13:27,3033,2.44,97,Critical
3/13/2025 13:27,3029,2.44,95,Critical
3/13/2025 13:28,3025,2.44,95,Critical
3/13/2025 13:28,3021,2.43,96,Critical
3/13/2025 13:28,3017,2.43,97,Critical
3/13/2025 13:28,3013,2.43,97,Critical
3/13/2025 13:28,3009,2.42,97,Critical
3/13/2025 13:28,3005,2.42,96,Critical
3/13/2025 13:29,3001,2.42,97,Critical
3/13/2025 13:29,2997,2.42,96,Critical
3/13/2025 13:29,2993,2.41,94,Critical
3/13/2025 13:29,2989,2.41,96,Critical
3/13/2025 13:29,2985,2.41,95,Critical
3/13/2025 13:29,2981,2.4,96,Critical
3/13/2025 13:30,2977,2.4,94,Critical
3/13/2025 13:30,2973,2.4,96,Critical
3/13/2025 13:30,2969,2.39,94,Critical
3/13/2025 13:30,2965,2.39,95,Critical
3/13/2025 13:30,2961,2.39,95,Critical
3/13/2025 13:30,2957,2.38,95,Critical
3/13/2025 13:31,2953,2.38,94,Critical
3/13/2025 13:31,2949,2.38,95,Critical
3/13/2025 13:31,2945,2.37,95,Critical
3/13/2025 13:31,2941,2.37,94,Critical
3/13/2025 13:31,2937,2.37,96,Critical
3/13/2025 13:31,2933,2.36,95,Critical
3/13/2025 13:32,2929,2.36,94,Critical
3/13/2025 13:32,2925,2.36,96,Critical
3/13/2025 13:32,2921,2.35,95,Critical
3/13/2025 13:32,2917,2.35,95,Critical
3/13/2025 13:32,2912,2.35,96,Critical
3/13/2025 13:32,2908,2.34,96,Critical
3/13/2025 13:33,2904,2.34,96,Critical
3/13/2025 13:33,2900,2.34,95,Critical
3/13/2025 13:33,2896,2.33,96,Critical
3/13/2025 13:33,2892,2.33,96,Critical
3/13/2025 13:33,2888,2.33,94,Critical
3/13/2025 13:33,2884,2.32,94,Critical
3/13/2025 13:34,2880,2.32,95,Critical
3/13/2025 13:34,2876,2.32,96,Critical
3/13/2025 13:34,2872,2.31,96,Critical
3/13/2025 13:34,2868,2.31,94,Critical
3/13/2025 13:34,2864,2.31,95,Critical
3/13/2025 13:34,2860,2.3,94,Critical
3/13/2025 13:35,2856,2.3,95,Critical
3/13/2025 13:35,2852,2.3,94,Critical
3/13/2025 13:35,2848,2.3,94,Critical
3/13/2025 13:35,2844,2.29,94,Critical
3/13/2025 13:35,2840,2.29,95,Critical
3/13/2025 13:35,2836,2.29,95,Critical
3/13/2025 13:36,2832,2.28,96,Critical
3/13/2025 13:36,2828,2.28,95,Critical
3/13/2025 13:36,2824,2.28,95,Critical
3/13/2025 13:36,2820,2.27,94,Critical
3/13/2025 13:36,2816,2.27,95,Critical
3/13/2025 13:36,2812,2.27,94,Critical
3/13/2025 13:37,2808,2.26,94,Critical
3/13/2025 13:37,2804,2.26,95,Critical
3/13/2025 13:37,2800,2.26,94,Critical
3/13/2025 13:37,2796,2.25,94,Critical
3/13/2025 13:37,2792,2.25,96,Critical
3/13/2025 13:37,2788,2.25,94,Critical
3/13/2025 13:38,2784,2.24,94,Critical
3/13/2025 13:38,2780,2.24,96,Critical
3/13/2025 13:38,2776,2.24,94,Critical
3/13/2025 13:38,2771,2.23,95,Critical
3/13/2025 13:38,2767,2.23,96,Critical
3/13/2025 13:38,2763,2.23,96,Critical
3/13/2025 13:39,2759,2.22,96,Critical
3/13/2025 13:39,2755,2.22,95,Critical
3/13/2025 13:39,2751,2.22,95,Critical
3/13/2025 13:39,2747,2.21,96,Critical
3/13/2025 13:39,2743,2.21,94,Critical
3/13/2025 13:39,2739,2.21,95,Critical
3/13/2025 13:40,2735,2.2,96,Critical
3/13/2025 13:40,2731,2.2,95,Critical
3/13/2025 13:40,2727,2.2,95,Critical
3/13/2025 13:40,2723,2.19,96,Critical
3/13/2025 13:40,2719,2.19,95,Critical
3/13/2025 13:40,2715,2.19,94,Critical
3/13/2025 13:41,2711,2.18,95,Critical
3/13/2025 13:41,2707,2.18,94,Critical
3/13/2025 13:41,2703,2.18,94,Critical
3/13/2025 13:41,2699,2.18,94,Critical
3/13/2025 13:41,2695,2.17,95,Critical
3/13/2025 13:41,2691,2.17,94,Critical
3/13/2025 13:42,2687,2.17,94,Critical
3/13/2025 13:42,2683,2.16,96,Critical
3/13/2025 13:42,2679,2.16,96,Critical
3/13/2025 13:42,2675,2.16,96,Critical
3/13/2025 13:42,2671,2.15,94,Critical
3/13/2025 13:42,2667,2.15,94,Critical
3/13/2025 13:43,2663,2.15,94,Critical
3/13/2025 13:43,2659,2.14,94,Critical
3/13/2025 13:43,2655,2.14,96,Critical
3/13/2025 13:43,2651,2.14,96,Critical
3/13/2025 13:43,2647,2.13,96,Critical
3/13/2025 13:43,2643,2.13,94,Critical
3/13/2025 13:44,2639,2.13,96,Critical
3/13/2025 13:44,2634,2.12,94,Critical
3/13/2025 13:44,2630,2.12,95,Critical
3/13/2025 13:44,2626,2.12,96,Critical
3/13/2025 13:44,2622,2.11,94,Critical
3/13/2025 13:44,2618,2.11,96,Critical
3/13/2025 13:45,2614,2.11,94,Critical
3/13/2025 13:45,2610,2.1,96,Critical
3/13/2025 13:45,2606,2.1,94,Critical
3/13/2025 13:45,2602,2.1,94,Critical
3/13/2025 13:45,2598,2.09,96,Critical
3/13/2025 13:45,2594,2.09,95,Critical
3/13/2025 13:46,2590,2.09,96,Critical
3/13/2025 13:46,2586,2.08,96,Critical
3/13/2025 13:46,2582,2.08,96,Critical
3/13/2025 13:46,2578,2.08,96,Critical
3/13/2025 13:46,2574,2.07,96,Critical
3/13/2025 13:46,2570,2.07,94,Critical
3/13/2025 13:47,2566,2.07,94,Critical
3/13/2025 13:47,2562,2.06,94,Critical
3/13/2025 13:47,2558,2.06,96,Critical
3/13/2025 13:47,2554,2.06,96,Critical
3/13/2025 13:47,2550,2.05,94,Critical
3/13/2025 13:47,2546,2.05,95,Critical
3/13/2025 13:48,2542,2.05,96,Critical
3/13/2025 13:48,2538,2.05,94,Critical
3/13/2025 13:48,2534,2.04,94,Critical
3/13/2025 13:48,2530,2.04,94,Critical
3/13/2025 13:48,2526,2.04,96,Critical
3/13/2025 13:48,2522,2.03,96,Critical
3/13/2025 13:49,2518,2.03,95,Critical
3/13/2025 13:49,2514,2.03,94,Critical
3/13/2025 13:49,2510,2.02,96,Critical
3/13/2025 13:49,2506,2.02,95,Critical
3/13/2025 13:49,2502,2.02,94,Critical
3/13/2025 13:49,2497,2.01,94,Critical
3/13/2025 13:50,2493,2.01,94,Critical
3/13/2025 13:50,2489,2.01,94,Critical
3/13/2025 13:50,2485,2,92,Critical
3/13/2025 13:50,2481,2,94,Critical
3/13/2025 13:50,2477,2,92,Critical
3/13/2025 13:50,2473,1.99,94,Critical
3/13/2025 13:51,2469,1.99,94,Critical
3/13/2025 13:51,2465,1.99,94,Critical
3/13/2025 13:51,2461,1.98,92,Critical
3/13/2025 13:51,2457,1.98,94,Critical
3/13/2025 13:51,2453,1.98,92,Critical
3/13/2025 13:51,2449,1.97,93,Critical
3/13/2025 13:52,2445,1.97,92,Critical
3/13/2025 13:52,2441,1.97,93,Critical
3/13/2025 13:52,2437,1.96,94,Critical
3/13/2025 13:52,2433,1.96,93,Critical
3/13/2025 13:52,2429,1.96,93,Critical
3/13/2025 13:52,2425,1.95,92,Critical
3/13/2025 13:53,2421,1.95,92,Critical
3/13/2025 13:53,2417,1.95,94,Critical
3/13/2025 13:53,2413,1.94,93,Critical
3/13/2025 13:53,2409,1.94,93,Critical
3/13/2025 13:53,2405,1.94,92,Critical
3/13/2025 13:53,2401,1.93,93,Critical
3/13/2025 13:54,2397,1.93,92,Critical
3/13/2025 13:54,2393,1.93,92,Critical
3/13/2025 13:54,2389,1.93,92,Critical
3/13/2025 13:54,2385,1.92,92,Critical
3/13/2025 13:54,2381,1.92,94,Critical
3/13/2025 13:54,2377,1.92,93,Critical
3/13/2025 13:55,2373,1.91,93,Critical
3/13/2025 13:55,2369,1.91,92,Critical
3/13/2025 13:55,2365,1.91,94,Critical
3/13/2025 13:55,2361,1.9,94,Critical
3/13/2025 13:55,2356,1.9,92,Critical
3/13/2025 13:55,2352,1.9,94,Critical
3/13/2025 13:56,2348,1.89,94,Critical
3/13/2025 13:56,2344,1.89,94,Critical
3/13/2025 13:56,2340,1.89,92,Critical
3/13/2025 13:56,2336,1.88,93,Critical
3/13/2025 13:56,2332,1.88,92,Critical
3/13/2025 13:56,2328,1.88,93,Critical
3/13/2025 13:57,2324,1.87,93,Critical
3/13/2025 13:57,2320,1.87,93,Critical
3/13/2025 13:57,2316,1.87,93,Critical
3/13/2025 13:57,2312,1.86,92,Critical
3/13/2025 13:57,2308,1.86,92,Critical
3/13/2025 13:57,2304,1.86,92,Critical
3/13/2025 13:58,2300,1.85,93,Critical
3/13/2025 13:58,2296,1.85,94,Critical
3/13/2025 13:58,2292,1.85,92,Critical
3/13/2025 13:58,2288,1.84,94,Critical
3/13/2025 13:58,2284,1.84,92,Critical
3/13/2025 13:58,2280,1.84,94,Critical
3/13/2025 13:59,2276,1.83,92,Critical
3/13/2025 13:59,2272,1.83,94,Critical
3/13/2025 13:59,2268,1.83,94,Critical
3/13/2025 13:59,2264,1.82,92,Critical
3/13/2025 13:59,2260,1.82,94,Critical
3/13/2025 13:59,2256,1.82,92,Critical
3/13/2025 14:00,2252,1.81,94,Critical
3/13/2025 14:00,2248,1.81,94,Critical
3/13/2025 14:00,2244,1.81,94,Critical
3/13/2025 14:00,2240,1.81,94,Critical
3/13/2025 14:00,2236,1.8,92,Critical
3/13/2025 14:00,2232,1.8,94,Critical
3/13/2025 14:01,2228,1.8,94,Critical
3/13/2025 14:01,2224,1.79,93,Critical
3/13/2025 14:01,2219,1.79,94,Critical
3/13/2025 14:01,2215,1.78,92,Critical
3/13/2025 14:01,2211,1.78,93,Critical
3/13/2025 14:01,2207,1.78,92,Critical
3/13/2025 14:02,2203,1.78,92,Critical
3/13/2025 14:02,2199,1.77,92,Critical
3/13/2025 14:02,2195,1.77,93,Critical
3/13/2025 14:02,2191,1.77,94,Critical
3/13/2025 14:02,2187,1.76,94,Critical
3/13/2025 14:02,2183,1.76,94,Critical
3/13/2025 14:03,2179,1.76,94,Critical
3/13/2025 14:03,2175,1.75,93,Critical
3/13/2025 14:03,2171,1.75,93,Critical
3/13/2025 14:03,2167,1.75,94,Critical
3/13/2025 14:03,2163,1.74,93,Critical
3/13/2025 14:03,2159,1.74,94,Critical
3/13/2025 14:04,2155,1.74,93,Critical
3/13/2025 14:04,2151,1.73,93,Critical
3/13/2025 14:04,2147,1.73,93,Critical
3/13/2025 14:04,2143,1.73,93,Critical
3/13/2025 14:04,2139,1.72,94,Critical
3/13/2025 14:04,2135,1.72,93,Critical
3/13/2025 14:05,2131,1.72,92,Critical
3/13/2025 14:05,2127,1.71,93,Critical
3/13/2025 14:05,2123,1.71,92,Critical
3/13/2025 14:05,2119,1.71,92,Critical
3/13/2025 14:05,2115,1.7,92,Critical
3/13/2025 14:05,2111,1.7,92,Critical
3/13/2025 14:06,2107,1.7,92,Critical
3/13/2025 14:06,2103,1.69,92,Critical
3/13/2025 14:06,2099,1.69,92,Critical
3/13/2025 14:06,2095,1.69,93,Critical
3/13/2025 14:06,2091,1.69,94,Critical
3/13/2025 14:06,2087,1.68,93,Critical
3/13/2025 14:07,2083,1.68,94,Critical
3/13/2025 14:07,2078,1.67,94,Critical
3/13/2025 14:07,2074,1.67,92,Critical
3/13/2025 14:07,2070,1.67,92,Critical
3/13/2025 14:07,2066,1.66,94,Critical
3/13/2025 14:07,2062,1.66,93,Critical
3/13/2025 14:08,2058,1.66,92,Critical
3/13/2025 14:08,2054,1.66,94,Critical
3/13/2025 14:08,2050,1.65,93,Critical
3/13/2025 14:08,2046,1.65,93,Critical
3/13/2025 14:08,2042,1.65,93,Critical
3/13/2025 14:08,2038,1.64,93,Critical
3/13/2025 14:09,2034,1.64,94,Critical
3/13/2025 14:09,2030,1.64,92,Critical
3/13/2025 14:09,2026,1.63,94,Critical
3/13/2025 14:09,2022,1.63,92,Critical
3/13/2025 14:09,2018,1.63,93,Critical
3/13/2025 14:09,2014,1.62,93,Critical
3/13/2025 14:10,2010,1.62,92,Critical
3/13/2025 14:10,2006,1.62,93,Critical
3/13/2025 14:10,2002,1.61,94,Critical
3/13/2025 14:10,1998,1.61,92,Critical
3/13/2025 14:10,1994,1.61,92,Critical
3/13/2025 14:10,1990,1.6,92,Critical
3/13/2025 14:11,1986,1.6,91,Critical
3/13/2025 14:11,1982,1.6,92,Critical
3/13/2025 14:11,1978,1.59,89,Warning
3/13/2025 14:11,1974,1.59,92,Critical
3/13/2025 14:11,1970,1.59,92,Critical
3/13/2025 14:11,1966,1.58,91,Critical
3/13/2025 14:12,1962,1.58,92,Critical
3/13/2025 14:12,1958,1.58,91,Critical
3/13/2025 14:12,1954,1.57,89,Warning
3/13/2025 14:12,1950,1.57,89,Warning
3/13/2025 14:12,1946,1.57,92,Critical
3/13/2025 14:12,1941,1.56,92,Critical
3/13/2025 14:13,1937,1.56,91,Critical
3/13/2025 14:13,1933,1.56,91,Critical
3/13/2025 14:13,1929,1.55,91,Critical
3/13/2025 14:13,1925,1.55,91,Critical
3/13/2025 14:13,1921,1.55,92,Critical
3/13/2025 14:13,1917,1.54,92,Critical
3/13/2025 14:14,1913,1.54,90,Critical
3/13/2025 14:14,1909,1.54,89,Warning
3/13/2025 14:14,1905,1.54,91,Critical
3/13/2025 14:14,1901,1.53,89,Warning
3/13/2025 14:14,1897,1.53,91,Critical
3/13/2025 14:14,1893,1.53,91,Critical
3/13/2025 14:15,1889,1.52,92,Critical
3/13/2025 14:15,1885,1.52,90,Critical
3/13/2025 14:15,1881,1.52,92,Critical
3/13/2025 14:15,1877,1.51,89,Warning
3/13/2025 14:15,1873,1.51,89,Warning
3/13/2025 14:15,1869,1.51,89,Warning
3/13/2025 14:16,1865,1.5,90,Critical
3/13/2025 14:16,1861,1.5,90,Critical
3/13/2025 14:16,1857,1.5,91,Critical
3/13/2025 14:16,1853,1.49,91,Critical
3/13/2025 14:16,1849,1.49,92,Critical
3/13/2025 14:16,1845,1.49,89,Warning
3/13/2025 14:17,1841,1.48,90,Critical
3/13/2025 14:17,1837,1.48,89,Warning
3/13/2025 14:17,1833,1.48,89,Warning
3/13/2025 14:17,1829,1.47,89,Warning
3/13/2025 14:17,1825,1.47,92,Critical
3/13/2025 14:17,1821,1.47,92,Critical
3/13/2025 14:18,1817,1.46,89,Warning
3/13/2025 14:18,1813,1.46,90,Critical
3/13/2025 14:18,1809,1.46,91,Critical
3/13/2025 14:18,1805,1.45,92,Critical
3/13/2025 14:18,1800,1.45,91,Critical
3/13/2025 14:18,1796,1.45,90,Critical
3/13/2025 14:19,1792,1.44,90,Critical
3/13/2025 14:19,1788,1.44,92,Critical
3/13/2025 14:19,1784,1.44,92,Critical
3/13/2025 14:19,1780,1.43,90,Critical
3/13/2025 14:19,1776,1.43,90,Critical
3/13/2025 14:19,1772,1.43,92,Critical
3/13/2025 14:20,1768,1.42,92,Critical
3/13/2025 14:20,1764,1.42,90,Critical
3/13/2025 14:20,1760,1.42,90,Critical
3/13/2025 14:20,1756,1.42,90,Critical
3/13/2025 14:20,1752,1.41,90,Critical
3/13/2025 14:20,1748,1.41,91,Critical
3/13/2025 14:21,1744,1.41,91,Critical
3/13/2025 14:21,1740,1.4,91,Critical
3/13/2025 14:21,1736,1.4,91,Critical
3/13/2025 14:21,1732,1.4,92,Critical
3/13/2025 14:21,1728,1.39,91,Critical
3/13/2025 14:21,1724,1.39,90,Critical
3/13/2025 14:22,1720,1.39,89,Warning
3/13/2025 14:22,1716,1.38,89,Warning
3/13/2025 14:22,1712,1.38,89,Warning
3/13/2025 14:22,1708,1.38,89,Warning
3/13/2025 14:22,1704,1.37,92,Critical
3/13/2025 14:22,1700,1.37,89,Warning
3/13/2025 14:23,1696,1.37,91,Critical
3/13/2025 14:23,1692,1.36,91,Critical
3/13/2025 14:23,1688,1.36,92,Critical
3/13/2025 14:23,1684,1.36,90,Critical
3/13/2025 14:23,1680,1.35,91,Critical
3/13/2025 14:23,1676,1.35,91,Critical
3/13/2025 14:24,1672,1.35,89,Warning
3/13/2025 14:24,1668,1.34,89,Warning
3/13/2025 14:24,1663,1.34,91,Critical
3/13/2025 14:24,1659,1.34,90,Critical
3/13/2025 14:24,1655,1.33,91,Critical
3/13/2025 14:24,1651,1.33,90,Critical
3/13/2025 14:25,1647,1.33,91,Critical
3/13/2025 14:25,1643,1.32,90,Critical
3/13/2025 14:25,1639,1.32,89,Warning
3/13/2025 14:25,1635,1.32,89,Warning
3/13/2025 14:25,1631,1.31,90,Critical
3/13/2025 14:25,1627,1.31,89,Warning
3/13/2025 14:26,1623,1.31,91,Critical
3/13/2025 14:26,1619,1.3,89,Warning
3/13/2025 14:26,1615,1.3,91,Critical
3/13/2025 14:26,1611,1.3,90,Critical
3/13/2025 14:26,1607,1.3,90,Critical
3/13/2025 14:26,1603,1.29,91,Critical
3/13/2025 14:27,1599,1.29,91,Critical
3/13/2025 14:27,1595,1.29,89,Warning
3/13/2025 14:27,1591,1.28,91,Critical
3/13/2025 14:27,1587,1.28,92,Critical
3/13/2025 14:27,1583,1.28,91,Critical
3/13/2025 14:27,1579,1.27,91,Critical
3/13/2025 14:28,1575,1.27,89,Warning
3/13/2025 14:28,1571,1.27,89,Warning
3/13/2025 14:28,1567,1.26,89,Warning
3/13/2025 14:28,1563,1.26,92,Critical
3/13/2025 14:28,1559,1.26,91,Critical
3/13/2025 14:28,1555,1.25,91,Critical
3/13/2025 14:29,1551,1.25,90,Critical
3/13/2025 14:29,1547,1.25,89,Warning
3/13/2025 14:29,1543,1.24,91,Critical
3/13/2025 14:29,1539,1.24,90,Critical
3/13/2025 14:29,1535,1.24,92,Critical
3/13/2025 14:29,1531,1.23,90,Critical
3/13/2025 14:30,1527,1.23,92,Critical
3/13/2025 14:30,1522,1.23,91,Critical
3/13/2025 14:30,1518,1.22,91,Critical
3/13/2025 14:30,1514,1.22,92,Critical
3/13/2025 14:30,1510,1.22,89,Warning
3/13/2025 14:30,1506,1.21,90,Critical
3/13/2025 14:31,1502,1.21,89,Warning
3/13/2025 14:31,1498,1.21,91,Critical
3/13/2025 14:31,1494,1.2,91,Critical
3/13/2025 14:31,1490,1.2,89,Warning
3/13/2025 14:31,1486,1.2,92,Critical
3/13/2025 14:31,1482,1.19,91,Critical
3/13/2025 14:32,1478,1.19,92,Critical
3/13/2025 14:32,1474,1.19,92,Critical
3/13/2025 14:32,1470,1.18,91,Critical
3/13/2025 14:32,1466,1.18,90,Critical
3/13/2025 14:32,1462,1.18,92,Critical
3/13/2025 14:32,1458,1.17,89,Warning
3/13/2025 14:33,1454,1.17,91,Critical
3/13/2025 14:33,1450,1.17,92,Critical
3/13/2025 14:33,1446,1.17,91,Critical
3/13/2025 14:33,1442,1.16,89,Warning
3/13/2025 14:33,1438,1.16,92,Critical
3/13/2025 14:33,1434,1.16,90,Critical
3/13/2025 14:34,1430,1.15,92,Critical
3/13/2025 14:34,1426,1.15,92,Critical
3/13/2025 14:34,1422,1.15,90,Critical
3/13/2025 14:34,1418,1.14,90,Critical
3/13/2025 14:34,1414,1.14,91,Critical
3/13/2025 14:34,1410,1.14,90,Critical
3/13/2025 14:35,1406,1.13,92,Critical
3/13/2025 14:35,1402,1.13,89,Warning
3/13/2025 14:35,1398,1.13,90,Critical
3/13/2025 14:35,1394,1.12,90,Critical
3/13/2025 14:35,1390,1.12,92,Critical
3/13/2025 14:35,1385,1.12,91,Critical
3/13/2025 14:36,1381,1.11,90,Critical
3/13/2025 14:36,1377,1.11,89,Warning
3/13/2025 14:36,1373,1.11,89,Warning
3/13/2025 14:36,1369,1.1,90,Critical
3/13/2025 14:36,1365,1.1,92,Critical
3/13/2025 14:36,1361,1.1,90,Critical
3/13/2025 14:37,1357,1.09,91,Critical
3/13/2025 14:37,1353,1.09,91,Critical
3/13/2025 14:37,1349,1.09,89,Warning
3/13/2025 14:37,1345,1.08,89,Warning
3/13/2025 14:37,1341,1.08,89,Warning
3/13/2025 14:37,1337,1.08,89,Warning
3/13/2025 14:38,1333,1.07,92,Critical
3/13/2025 14:38,1329,1.07,89,Warning
3/13/2025 14:38,1325,1.07,90,Critical
3/13/2025 14:38,1321,1.06,89,Warning
3/13/2025 14:38,1317,1.06,90,Critical
3/13/2025 14:38,1313,1.06,92,Critical
3/13/2025 14:39,1309,1.05,90,Critical
3/13/2025 14:39,1305,1.05,90,Critical
3/13/2025 14:39,1301,1.05,92,Critical
3/13/2025 14:39,1297,1.05,90,Critical
3/13/2025 14:39,1293,1.04,91,Critical
3/13/2025 14:39,1289,1.04,91,Critical
3/13/2025 14:40,1285,1.04,90,Critical
3/13/2025 14:40,1281,1.03,89,Warning
3/13/2025 14:40,1277,1.03,92,Critical
3/13/2025 14:40,1273,1.03,91,Critical
3/13/2025 14:40,1269,1.02,92,Critical
3/13/2025 14:40,1265,1.02,90,Critical
3/13/2025 14:41,1261,1.02,92,Critical
3/13/2025 14:41,1257,1.01,91,Critical
3/13/2025 14:41,1253,1.01,90,Critical
3/13/2025 14:41,1248,1.01,89,Warning
3/13/2025 14:41,1244,1,92,Critical
3/13/2025 14:41,1240,1,92,Critical
3/13/2025 14:42,1236,1,92,Critical
3/13/2025 14:42,1232,0.99,91,Critical
3/13/2025 14:42,1228,0.99,90,Critical
3/13/2025 14:42,1224,0.99,92,Critical
3/13/2025 14:42,1220,0.98,90,Critical
3/13/2025 14:42,1216,0.98,89,Warning
3/13/2025 14:43,1212,0.98,91,Critical
3/13/2025 14:43,1208,0.97,91,Critical
3/13/2025 14:43,1204,0.97,91,Critical
3/13/2025 14:43,1200,0.97,91,Critical
3/13/2025 14:43,1196,0.96,89,Warning
3/13/2025 14:43,1192,0.96,90,Critical
3/13/2025 14:44,1188,0.96,91,Critical
3/13/2025 14:44,1184,0.95,92,Critical
3/13/2025 14:44,1180,0.95,90,Critical
3/13/2025 14:44,1176,0.95,92,Critical
3/13/2025 14:44,1172,0.94,92,Critical
3/13/2025 14:44,1168,0.94,90,Critical
3/13/2025 14:45,1164,0.94,91,Critical
3/13/2025 14:45,1160,0.93,89,Warning
3/13/2025 14:45,1156,0.93,92,Critical
3/13/2025 14:45,1152,0.93,89,Warning
3/13/2025 14:45,1148,0.93,91,Critical
3/13/2025 14:45,1144,0.92,90,Critical
3/13/2025 14:46,1140,0.92,89,Warning
3/13/2025 14:46,1136,0.92,91,Critical
3/13/2025 14:46,1132,0.91,89,Warning
3/13/2025 14:46,1128,0.91,89,Warning
3/13/2025 14:46,1124,0.91,89,Warning
3/13/2025 14:46,1120,0.9,91,Critical
3/13/2025 14:47,1116,0.9,90,Critical
3/13/2025 14:47,1112,0.9,89,Warning
3/13/2025 14:47,1107,0.89,90,Critical
3/13/2025 14:47,1103,0.89,91,Critical
3/13/2025 14:47,1099,0.89,89,Warning
3/13/2025 14:47,1095,0.88,89,Warning
3/13/2025 14:48,1091,0.88,91,Critical
3/13/2025 14:48,1087,0.88,91,Critical
3/13/2025 14:48,1083,0.87,92,Critical
3/13/2025 14:48,1079,0.87,91,Critical
3/13/2025 14:48,1075,0.87,91,Critical
3/13/2025 14:48,1071,0.86,89,Warning
3/13/2025 14:49,1067,0.86,91,Critical
3/13/2025 14:49,1063,0.86,92,Critical
3/13/2025 14:49,1059,0.85,91,Critical
3/13/2025 14:49,1055,0.85,91,Critical
3/13/2025 14:49,1051,0.85,92,Critical
3/13/2025 14:49,1047,0.84,90,Critical
3/13/2025 14:50,1043,0.84,89,Warning
3/13/2025 14:50,1039,0.84,91,Critical
3/13/2025 14:50,1035,0.83,90,Critical
3/13/2025 14:50,1031,0.83,91,Critical
3/13/2025 14:50,1027,0.83,89,Warning
3/13/2025 14:50,1023,0.82,91,Critical
3/13/2025 14:51,1019,0.82,89,Warning
3/13/2025 14:51,1015,0.82,90,Critical
3/13/2025 14:51,1011,0.81,92,Critical
3/13/2025 14:51,1007,0.81,90,Critical
3/13/2025 14:51,1003,0.81,90,Critical
3/13/2025 14:51,999,0.81,79,Caution
3/13/2025 14:52,995,0.8,79,Caution
3/13/2025 14:52,991,0.8,80,Warning
3/13/2025 14:52,987,0.8,84,Warning
3/13/2025 14:52,983,0.79,84,Warning
3/13/2025 14:52,979,0.79,80,Warning
3/13/2025 14:52,975,0.79,85,Warning
3/13/2025 14:53,970,0.78,78,Caution
3/13/2025 14:53,966,0.78,76,Caution
3/13/2025 14:53,962,0.78,82,Warning
3/13/2025 14:53,958,0.77,82,Warning
3/13/2025 14:53,954,0.77,79,Caution
3/13/2025 14:53,950,0.77,77,Caution
3/13/2025 14:54,946,0.76,84,Warning
3/13/2025 14:54,942,0.76,80,Warning
3/13/2025 14:54,938,0.76,81,Warning
3/13/2025 14:54,934,0.75,76,Caution
3/13/2025 14:54,930,0.75,78,Caution
3/13/2025 14:54,926,0.75,77,Caution
3/13/2025 14:55,922,0.74,75,Caution
3/13/2025 14:55,918,0.74,76,Caution
3/13/2025 14:55,914,0.74,79,Caution
3/13/2025 14:55,910,0.73,79,Caution
3/13/2025 14:55,906,0.73,84,Warning
3/13/2025 14:55,902,0.73,76,Caution
3/13/2025 14:56,898,0.72,77,Caution
3/13/2025 14:56,894,0.72,77,Caution
3/13/2025 14:56,890,0.72,85,Warning
3/13/2025 14:56,886,0.71,81,Warning
3/13/2025 14:56,882,0.71,80,Warning
3/13/2025 14:56,878,0.71,83,Warning
3/13/2025 14:57,874,0.7,78,Caution
3/13/2025 14:57,870,0.7,77,Caution
3/13/2025 14:57,866,0.7,79,Caution
3/13/2025 14:57,862,0.69,81,Warning
3/13/2025 14:57,858,0.69,85,Warning
3/13/2025 14:57,854,0.69,81,Warning
3/13/2025 14:58,850,0.68,85,Warning
3/13/2025 14:58,846,0.68,84,Warning
3/13/2025 14:58,842,0.68,83,Warning
3/13/2025 14:58,838,0.68,84,Warning
3/13/2025 14:58,834,0.67,81,Warning
3/13/2025 14:58,829,0.67,85,Warning
3/13/2025 14:59,825,0.66,84,Warning
3/13/2025 14:59,821,0.66,83,Warning
3/13/2025 14:59,817,0.66,78,Caution
3/13/2025 14:59,813,0.66,79,Caution
3/13/2025 14:59,809,0.65,80,Warning
3/13/2025 14:59,805,0.65,82,Warning
3/13/2025 15:00,801,0.65,79,Caution
3/13/2025 15:00,797,0.64,54,Caution
3/13/2025 15:00,793,0.64,66,Caution
3/13/2025 15:00,789,0.64,66,Caution
3/13/2025 15:00,785,0.63,54,Caution
3/13/2025 15:00,781,0.63,64,Caution
3/13/2025 15:01,777,0.63,65,Caution
3/13/2025 15:01,773,0.62,53,Caution
3/13/2025 15:01,769,0.62,57,Caution
3/13/2025 15:01,765,0.62,53,Caution
3/13/2025 15:01,761,0.61,56,Caution
3/13/2025 15:01,757,0.61,72,Caution
3/13/2025 15:02,753,0.61,58,Caution
3/13/2025 15:02,749,0.6,59,Caution
3/13/2025 15:02,745,0.6,67,Caution
3/13/2025 15:02,741,0.6,71,Caution
3/13/2025 15:02,737,0.59,68,Caution
3/13/2025 15:02,733,0.59,51,Caution
3/13/2025 15:03,729,0.59,57,Caution
3/13/2025 15:03,725,0.58,70,Caution
3/13/2025 15:03,721,0.58,63,Caution
3/13/2025 15:03,717,0.58,65,Caution
3/13/2025 15:03,713,0.57,72,Caution
3/13/2025 15:03,709,0.57,68,Caution
3/13/2025 15:04,705,0.57,61,Caution
3/13/2025 15:04,701,0.56,58,Caution
3/13/2025 15:04,697,0.56,46,Normal
3/13/2025 15:04,692,0.56,46,Normal
3/13/2025 15:04,688,0.55,54,Caution
3/13/2025 15:04,684,0.55,55,Caution
3/13/2025 15:05,680,0.55,55,Caution
3/13/2025 15:05,676,0.54,46,Normal
3/13/2025 15:05,672,0.54,42,Normal
3/13/2025 15:05,668,0.54,41,Normal
3/13/2025 15:05,664,0.54,54,Caution
3/13/2025 15:05,660,0.53,54,Caution
3/13/2025 15:06,656,0.53,47,Normal
3/13/2025 15:06,652,0.53,38,Normal
3/13/2025 15:06,648,0.52,45,Normal
3/13/2025 15:06,644,0.52,49,Normal
3/13/2025 15:06,640,0.52,39,Normal
3/13/2025 15:06,636,0.51,49,Normal
3/13/2025 15:07,632,0.51,40,Normal
3/13/2025 15:07,628,0.51,53,Caution
3/13/2025 15:07,624,0.5,47,Normal
3/13/2025 15:07,620,0.5,43,Normal
3/13/2025 15:07,616,0.5,52,Caution
3/13/2025 15:07,612,0.49,49,Normal
3/13/2025 15:08,608,0.49,37,Normal
3/13/2025 15:08,604,0.49,48,Normal
3/13/2025 15:08,600,0.48,54,Caution
3/13/2025 15:08,596,0.48,29,Normal
3/13/2025 15:08,592,0.48,23,Normal
3/13/2025 15:08,588,0.47,39,Normal
3/13/2025 15:09,584,0.47,30,Normal
3/13/2025 15:09,580,0.47,40,Normal
3/13/2025 15:09,576,0.46,22,Normal
3/13/2025 15:09,572,0.46,29,Normal
3/13/2025 15:09,568,0.46,29,Normal
3/13/2025 15:09,564,0.45,30,Normal
3/13/2025 15:10,560,0.45,25,Normal
3/13/2025 15:10,556,0.45,42,Normal
3/13/2025 15:10,551,0.44,38,Normal
3/13/2025 15:10,547,0.44,25,Normal
3/13/2025 15:10,543,0.44,33,Normal
3/13/2025 15:10,539,0.43,30,Normal
3/13/2025 15:11,535,0.43,22,Normal
3/13/2025 15:11,531,0.43,23,Normal
3/13/2025 15:11,527,0.42,24,Normal
3/13/2025 15:11,523,0.42,28,Normal
3/13/2025 15:11,519,0.42,32,Normal
3/13/2025 15:11,515,0.42,40,Normal
3/13/2025 15:12,511,0.41,28,Normal
3/13/2025 15:12,507,0.41,29,Normal
3/13/2025 15:12,503,0.41,21,Normal
3/13/2025 15:12,499,0.4,16,Normal
3/13/2025 15:12,495,0.4,15,Normal
3/13/2025 15:12,491,0.4,17,Normal
3/13/2025 15:13,487,0.39,14,Normal
3/13/2025 15:13,483,0.39,19,Normal
3/13/2025 15:13,479,0.39,22,Normal
3/13/2025 15:13,475,0.38,16,Normal
3/13/2025 15:13,471,0.38,12,Normal
3/13/2025 15:13,467,0.38,21,Normal
3/13/2025 15:14,463,0.37,18,Normal
3/13/2025 15:14,459,0.37,21,Normal
3/13/2025 15:14,455,0.37,22,Normal
3/13/2025 15:14,451,0.36,10,Normal
3/13/2025 15:14,447,0.36,16,Normal
3/13/2025 15:14,443,0.36,10,Normal
3/13/2025 15:15,439,0.35,13,Normal
3/13/2025 15:15,435,0.35,11,Normal
3/13/2025 15:15,431,0.35,18,Normal
3/13/2025 15:15,427,0.34,21,Normal
3/13/2025 15:15,423,0.34,21,Normal
3/13/2025 15:15,419,0.34,12,Normal
3/13/2025 15:16,414,0.33,14,Normal
3/13/2025 15:16,410,0.33,18,Normal
3/13/2025 15:16,406,0.33,18,Normal
3/13/2025 15:16,402,0.32,21,Normal
3/13/2025 15:16,398,0.32,6,Normal
3/13/2025 15:16,394,0.32,6,Normal
3/13/2025 15:17,390,0.31,5,Normal
3/13/2025 15:17,386,0.31,3,Normal
3/13/2025 15:17,382,0.31,3,Normal
3/13/2025 15:17,378,0.3,5,Normal
3/13/2025 15:17,374,0.3,5,Normal
3/13/2025 15:17,370,0.3,4,Normal
3/13/2025 15:18,366,0.29,6,Normal
3/13/2025 15:18,362,0.29,5,Normal
3/13/2025 15:18,358,0.29,6,Normal
3/13/2025 15:18,354,0.29,5,Normal
3/13/2025 15:18,350,0.28,4,Normal
3/13/2025 15:18,346,0.28,10,Normal
3/13/2025 15:19,342,0.28,8,Normal
3/13/2025 15:19,338,0.27,10,Normal
3/13/2025 15:19,334,0.27,6,Normal
3/13/2025 15:19,330,0.27,4,Normal
3/13/2025 15:19,326,0.26,4,Normal
3/13/2025 15:19,322,0.26,7,Normal
3/13/2025 15:20,318,0.26,3,Normal
3/13/2025 15:20,314,0.25,8,Normal
3/13/2025 15:20,310,0.25,9,Normal
3/13/2025 15:20,306,0.25,3,Normal
3/13/2025 15:20,302,0.24,7,Normal
3/13/2025 15:20,298,0.24,4,Normal
3/13/2025 15:21,294,0.24,4,Normal
3/13/2025 15:21,290,0.23,6,Normal
3/13/2025 15:21,286,0.23,6,Normal
3/13/2025 15:21,282,0.23,4,Normal
3/13/2025 15:21,278,0.22,6,Normal
3/13/2025 15:21,273,0.22,9,Normal
3/13/2025 15:22,269,0.22,7,Normal
3/13/2025 15:22,265,0.21,4,Normal
3/13/2025 15:22,261,0.21,5,Normal
3/13/2025 15:22,257,0.21,10,Normal
3/13/2025 15:22,253,0.2,9,Normal
3/13/2025 15:22,249,0.2,8,Normal
3/13/2025 15:23,245,0.2,8,Normal
3/13/2025 15:23,241,0.19,6,Normal
3/13/2025 15:23,237,0.19,5,Normal
3/13/2025 15:23,233,0.19,9,Normal
3/13/2025 15:23,229,0.18,7,Normal
3/13/2025 15:23,225,0.18,3,Normal
3/13/2025 15:24,221,0.18,6,Normal
3/13/2025 15:24,217,0.17,5,Normal
3/13/2025 15:24,213,0.17,3,Normal
3/13/2025 15:24,209,0.17,8,Normal
3/13/2025 15:24,205,0.17,8,Normal
3/13/2025 15:24,201,0.16,3,Normal
3/13/2025 15:25,197,0.16,2,Normal
3/13/2025 15:25,193,0.16,2,Normal
3/13/2025 15:25,189,0.15,4,Normal
3/13/2025 15:25,185,0.15,4,Normal
3/13/2025 15:25,181,0.15,1,Normal
3/13/2025 15:25,177,0.14,1,Normal
3/13/2025 15:26,173,0.14,3,Normal
3/13/2025 15:26,169,0.14,0,Normal
3/13/2025 15:26,165,0.13,0,Normal
3/13/2025 15:26,161,0.13,1,Normal
3/13/2025 15:26,157,0.13,1,Normal
3/13/2025 15:26,153,0.12,4,Normal
3/13/2025 15:27,149,0.12,1,Normal
3/13/2025 15:27,145,0.12,3,Normal
3/13/2025 15:27,141,0.11,1,Normal
3/13/2025 15:27,136,0.11,3,Normal
3/13/2025 15:27,132,0.11,1,Normal
3/13/2025 15:27,128,0.1,0,Normal
3/13/2025 15:28,124,0.1,2,Normal
3/13/2025 15:28,120,0.1,3,Normal
3/13/2025 15:28,116,0.09,2,Normal
3/13/2025 15:28,112,0.09,1,Normal
3/13/2025 15:28,108,0.09,4,Normal
3/13/2025 15:28,104,0.08,4,Normal
3/13/2025 15:29,100,0.08,4,Normal
3/13/2025 15:29,96,0.08,1,Normal
3/13/2025 15:29,92,0.07,4,Normal
3/13/2025 15:29,88,0.07,1,Normal
3/13/2025 15:29,84,0.07,0,Normal
3/13/2025 15:29,80,0.06,1,Normal
3/13/2025 15:30,76,0.06,0,Normal
3/13/2025 15:30,72,0.06,3,Normal
3/13/2025 15:30,68,0.05,2,Normal
3/13/2025 15:30,64,0.05,4,Normal
3/13/2025 15:30,60,0.05,1,Normal
3/13/2025 15:30,56,0.05,2,Normal
3/13/2025 15:31,52,0.04,2,Normal
3/13/2025 15:31,48,0.04,1,Normal
3/13/2025 15:31,44,0.04,0,Normal
3/13/2025 15:31,40,0.03,0,Normal
3/13/2025 15:31,36,0.03,1,Normal
3/13/2025 15:31,32,0.03,0,Normal
3/13/2025 15:32,28,0.02,4,Normal
3/13/2025 15:32,24,0.02,3,Normal
3/13/2025 15:32,20,0.02,0,Normal
3/13/2025 15:32,16,0.01,4,Normal
3/13/2025 15:32,12,0.01,1,Normal
3/13/2025 15:32,8,0.01,3,Normal
3/13/2025 15:33,4,0,4,Normal
3/13/2025 15:33,0,0,3,Normal
